<org.springframework.boot.loader.zip.Zip64EndOfCentralDirectoryRecord: org.springframework.boot.loader.zip.Zip64EndOfCentralDirectoryRecord load(org.springframework.boot.loader.zip.DataBlock,org.springframework.boot.loader.zip.Zip64EndOfCentralDirectoryLocator)>/assign/14	29	<org.springframework.boot.loader.zip.Zip64EndOfCentralDirectoryRecord: org.springframework.boot.loader.zip.Zip64EndOfCentralDirectoryRecord load(org.springframework.boot.loader.zip.DataBlock,org.springframework.boot.loader.zip.Zip64EndOfCentralDirectoryLocator)>
<org.springframework.boot.loader.net.protocol.jar.Canonicalizer: java.lang.String canonicalizeAfter(java.lang.String,int)>/assign/12	23	<org.springframework.boot.loader.net.protocol.jar.Canonicalizer: java.lang.String canonicalizeAfter(java.lang.String,int)>
<org.springframework.boot.loader.net.protocol.jar.Canonicalizer: java.lang.String removeEmbeddedSlashDotDotSlash(java.lang.String)>/assign/9	16	<org.springframework.boot.loader.net.protocol.jar.Canonicalizer: java.lang.String removeEmbeddedSlashDotDotSlash(java.lang.String)>
<org.springframework.boot.loader.net.protocol.jar.Canonicalizer: java.lang.String removeEmbeddedSlashDotSlash(java.lang.String)>/assign/6	10	<org.springframework.boot.loader.net.protocol.jar.Canonicalizer: java.lang.String removeEmbeddedSlashDotSlash(java.lang.String)>
<org.springframework.boot.loader.jar.NestedJarFile: void <init>(java.io.File,java.lang.String,java.lang.Runtime$Version,boolean,org.springframework.boot.loader.ref.Cleaner)>/assign/11	28	<org.springframework.boot.loader.jar.NestedJarFile: void <init>(java.io.File,java.lang.String,java.lang.Runtime$Version,boolean,org.springframework.boot.loader.ref.Cleaner)>
<org.springframework.boot.loader.jar.NestedJarFile: void <init>(java.io.File,java.lang.String,java.lang.Runtime$Version,boolean,org.springframework.boot.loader.ref.Cleaner)>/assign/14	34	<org.springframework.boot.loader.jar.NestedJarFile: void <init>(java.io.File,java.lang.String,java.lang.Runtime$Version,boolean,org.springframework.boot.loader.ref.Cleaner)>
<org.springframework.boot.loader.jar.NestedJarFile: void <init>(java.io.File,java.lang.String,java.lang.Runtime$Version,boolean,org.springframework.boot.loader.ref.Cleaner)>/assign/15	38	<org.springframework.boot.loader.jar.NestedJarFile: void <init>(java.io.File,java.lang.String,java.lang.Runtime$Version,boolean,org.springframework.boot.loader.ref.Cleaner)>
<org.springframework.boot.loader.jar.NestedJarFile: void <init>(java.io.File,java.lang.String,java.lang.Runtime$Version,boolean,org.springframework.boot.loader.ref.Cleaner)>/assign/17	41	<org.springframework.boot.loader.jar.NestedJarFile: void <init>(java.io.File,java.lang.String,java.lang.Runtime$Version,boolean,org.springframework.boot.loader.ref.Cleaner)>
<org.springframework.boot.loader.jar.NestedJarFile: void <clinit>()>/assign/1	1	<org.springframework.boot.loader.jar.NestedJarFile: void <clinit>()>
<org.springframework.boot.loader.net.protocol.jar.JarUrl: java.net.URL create(java.io.File,java.lang.String,java.lang.String)>/assign/8	11	<org.springframework.boot.loader.net.protocol.jar.JarUrl: java.net.URL create(java.io.File,java.lang.String,java.lang.String)>
<org.springframework.boot.loader.net.protocol.jar.JarUrl: java.lang.String getJarReference(java.io.File,java.lang.String)>/assign/5	8	<org.springframework.boot.loader.net.protocol.jar.JarUrl: java.lang.String getJarReference(java.io.File,java.lang.String)>
<org.springframework.boot.loader.net.protocol.jar.JarUrl: java.lang.String getJarReference(java.io.File,java.lang.String)>/assign/6	11	<org.springframework.boot.loader.net.protocol.jar.JarUrl: java.lang.String getJarReference(java.io.File,java.lang.String)>
