<org.springframework.boot.loader.jar.NestedJarFile: java.util.Enumeration entries()>/exit-monitor/0	7	<org.springframework.boot.loader.jar.NestedJarFile: java.util.Enumeration entries()>/this#_0	<org.springframework.boot.loader.jar.NestedJarFile: java.util.Enumeration entries()>
<org.springframework.boot.loader.jar.NestedJarFile: java.util.Enumeration entries()>/exit-monitor/1	11	<org.springframework.boot.loader.jar.NestedJarFile: java.util.Enumeration entries()>/this#_0	<org.springframework.boot.loader.jar.NestedJarFile: java.util.Enumeration entries()>
<org.springframework.boot.loader.jar.NestedJarFile: java.util.stream.Stream stream()>/exit-monitor/0	9	<org.springframework.boot.loader.jar.NestedJarFile: java.util.stream.Stream stream()>/this#_0	<org.springframework.boot.loader.jar.NestedJarFile: java.util.stream.Stream stream()>
<org.springframework.boot.loader.jar.NestedJarFile: java.util.stream.Stream stream()>/exit-monitor/1	13	<org.springframework.boot.loader.jar.NestedJarFile: java.util.stream.Stream stream()>/this#_0	<org.springframework.boot.loader.jar.NestedJarFile: java.util.stream.Stream stream()>
<org.springframework.boot.loader.jar.NestedJarFile: java.util.stream.Stream versionedStream()>/exit-monitor/0	25	<org.springframework.boot.loader.jar.NestedJarFile: java.util.stream.Stream versionedStream()>/this#_0	<org.springframework.boot.loader.jar.NestedJarFile: java.util.stream.Stream versionedStream()>
<org.springframework.boot.loader.jar.NestedJarFile: java.util.stream.Stream versionedStream()>/exit-monitor/1	29	<org.springframework.boot.loader.jar.NestedJarFile: java.util.stream.Stream versionedStream()>/this#_0	<org.springframework.boot.loader.jar.NestedJarFile: java.util.stream.Stream versionedStream()>
<org.springframework.boot.loader.jar.NestedJarFile: boolean hasEntry(java.lang.String)>/exit-monitor/0	19	<org.springframework.boot.loader.jar.NestedJarFile: boolean hasEntry(java.lang.String)>/this#_0	<org.springframework.boot.loader.jar.NestedJarFile: boolean hasEntry(java.lang.String)>
<org.springframework.boot.loader.jar.NestedJarFile: boolean hasEntry(java.lang.String)>/exit-monitor/1	23	<org.springframework.boot.loader.jar.NestedJarFile: boolean hasEntry(java.lang.String)>/this#_0	<org.springframework.boot.loader.jar.NestedJarFile: boolean hasEntry(java.lang.String)>
<org.springframework.boot.loader.jar.NestedJarFile: org.springframework.boot.loader.zip.ZipContent$Entry getContentEntry(java.lang.String,java.lang.String)>/exit-monitor/0	8	<org.springframework.boot.loader.jar.NestedJarFile: org.springframework.boot.loader.zip.ZipContent$Entry getContentEntry(java.lang.String,java.lang.String)>/this#_0	<org.springframework.boot.loader.jar.NestedJarFile: org.springframework.boot.loader.zip.ZipContent$Entry getContentEntry(java.lang.String,java.lang.String)>
<org.springframework.boot.loader.jar.NestedJarFile: org.springframework.boot.loader.zip.ZipContent$Entry getContentEntry(java.lang.String,java.lang.String)>/exit-monitor/1	12	<org.springframework.boot.loader.jar.NestedJarFile: org.springframework.boot.loader.zip.ZipContent$Entry getContentEntry(java.lang.String,java.lang.String)>/this#_0	<org.springframework.boot.loader.jar.NestedJarFile: org.springframework.boot.loader.zip.ZipContent$Entry getContentEntry(java.lang.String,java.lang.String)>
<org.springframework.boot.loader.jar.NestedJarFile: org.springframework.boot.loader.jar.ManifestInfo getManifestInfo()>/exit-monitor/0	15	<org.springframework.boot.loader.jar.NestedJarFile: org.springframework.boot.loader.jar.ManifestInfo getManifestInfo()>/this#_0	<org.springframework.boot.loader.jar.NestedJarFile: org.springframework.boot.loader.jar.ManifestInfo getManifestInfo()>
<org.springframework.boot.loader.jar.NestedJarFile: org.springframework.boot.loader.jar.ManifestInfo getManifestInfo()>/exit-monitor/1	22	<org.springframework.boot.loader.jar.NestedJarFile: org.springframework.boot.loader.jar.ManifestInfo getManifestInfo()>/this#_0	<org.springframework.boot.loader.jar.NestedJarFile: org.springframework.boot.loader.jar.ManifestInfo getManifestInfo()>
<org.springframework.boot.loader.jar.NestedJarFile: org.springframework.boot.loader.jar.MetaInfVersionsInfo getMetaInfVersionsInfo()>/exit-monitor/0	15	<org.springframework.boot.loader.jar.NestedJarFile: org.springframework.boot.loader.jar.MetaInfVersionsInfo getMetaInfVersionsInfo()>/this#_0	<org.springframework.boot.loader.jar.NestedJarFile: org.springframework.boot.loader.jar.MetaInfVersionsInfo getMetaInfVersionsInfo()>
<org.springframework.boot.loader.jar.NestedJarFile: org.springframework.boot.loader.jar.MetaInfVersionsInfo getMetaInfVersionsInfo()>/exit-monitor/1	22	<org.springframework.boot.loader.jar.NestedJarFile: org.springframework.boot.loader.jar.MetaInfVersionsInfo getMetaInfVersionsInfo()>/this#_0	<org.springframework.boot.loader.jar.NestedJarFile: org.springframework.boot.loader.jar.MetaInfVersionsInfo getMetaInfVersionsInfo()>
<org.springframework.boot.loader.jar.NestedJarFile: java.io.InputStream getInputStream(org.springframework.boot.loader.zip.ZipContent$Entry)>/exit-monitor/0	25	<org.springframework.boot.loader.jar.NestedJarFile: java.io.InputStream getInputStream(org.springframework.boot.loader.zip.ZipContent$Entry)>/this#_0	<org.springframework.boot.loader.jar.NestedJarFile: java.io.InputStream getInputStream(org.springframework.boot.loader.zip.ZipContent$Entry)>
<org.springframework.boot.loader.jar.NestedJarFile: java.io.InputStream getInputStream(org.springframework.boot.loader.zip.ZipContent$Entry)>/exit-monitor/1	42	<org.springframework.boot.loader.jar.NestedJarFile: java.io.InputStream getInputStream(org.springframework.boot.loader.zip.ZipContent$Entry)>/this#_0	<org.springframework.boot.loader.jar.NestedJarFile: java.io.InputStream getInputStream(org.springframework.boot.loader.zip.ZipContent$Entry)>
<org.springframework.boot.loader.jar.NestedJarFile: java.lang.String getComment()>/exit-monitor/0	6	<org.springframework.boot.loader.jar.NestedJarFile: java.lang.String getComment()>/this#_0	<org.springframework.boot.loader.jar.NestedJarFile: java.lang.String getComment()>
<org.springframework.boot.loader.jar.NestedJarFile: java.lang.String getComment()>/exit-monitor/1	10	<org.springframework.boot.loader.jar.NestedJarFile: java.lang.String getComment()>/this#_0	<org.springframework.boot.loader.jar.NestedJarFile: java.lang.String getComment()>
<org.springframework.boot.loader.jar.NestedJarFile: int size()>/exit-monitor/0	6	<org.springframework.boot.loader.jar.NestedJarFile: int size()>/this#_0	<org.springframework.boot.loader.jar.NestedJarFile: int size()>
<org.springframework.boot.loader.jar.NestedJarFile: int size()>/exit-monitor/1	10	<org.springframework.boot.loader.jar.NestedJarFile: int size()>/this#_0	<org.springframework.boot.loader.jar.NestedJarFile: int size()>
<org.springframework.boot.loader.jar.NestedJarFile: void close()>/exit-monitor/0	16	<org.springframework.boot.loader.jar.NestedJarFile: void close()>/this#_0	<org.springframework.boot.loader.jar.NestedJarFile: void close()>
<org.springframework.boot.loader.jar.NestedJarFile: void close()>/exit-monitor/1	20	<org.springframework.boot.loader.jar.NestedJarFile: void close()>/this#_0	<org.springframework.boot.loader.jar.NestedJarFile: void close()>
<org.springframework.boot.loader.jar.NestedJarFile: void clearCache()>/exit-monitor/0	4	<org.springframework.boot.loader.jar.NestedJarFile: void clearCache()>/this#_0	<org.springframework.boot.loader.jar.NestedJarFile: void clearCache()>
<org.springframework.boot.loader.jar.NestedJarFile: void clearCache()>/exit-monitor/1	8	<org.springframework.boot.loader.jar.NestedJarFile: void clearCache()>/this#_0	<org.springframework.boot.loader.jar.NestedJarFile: void clearCache()>
<org.springframework.boot.loader.jar.NestedJarFile$JarEntriesEnumeration: org.springframework.boot.loader.jar.NestedJarFile$NestedJarEntry nextElement()>/exit-monitor/0	19	<org.springframework.boot.loader.jar.NestedJarFile$JarEntriesEnumeration: org.springframework.boot.loader.jar.NestedJarFile$NestedJarEntry nextElement()>/$stack4	<org.springframework.boot.loader.jar.NestedJarFile$JarEntriesEnumeration: org.springframework.boot.loader.jar.NestedJarFile$NestedJarEntry nextElement()>
<org.springframework.boot.loader.jar.NestedJarFile$JarEntriesEnumeration: org.springframework.boot.loader.jar.NestedJarFile$NestedJarEntry nextElement()>/exit-monitor/1	23	<org.springframework.boot.loader.jar.NestedJarFile$JarEntriesEnumeration: org.springframework.boot.loader.jar.NestedJarFile$NestedJarEntry nextElement()>/$stack4	<org.springframework.boot.loader.jar.NestedJarFile$JarEntriesEnumeration: org.springframework.boot.loader.jar.NestedJarFile$NestedJarEntry nextElement()>
