<org.springframework.boot.loader.zip.Zip64EndOfCentralDirectoryRecord: org.springframework.boot.loader.zip.Zip64EndOfCentralDirectoryRecord load(org.springframework.boot.loader.zip.DataBlock,org.springframework.boot.loader.zip.Zip64EndOfCentralDirectoryLocator)>/if/0	2	5	<org.springframework.boot.loader.zip.Zip64EndOfCentralDirectoryRecord: org.springframework.boot.loader.zip.Zip64EndOfCentralDirectoryRecord load(org.springframework.boot.loader.zip.DataBlock,org.springframework.boot.loader.zip.Zip64EndOfCentralDirectoryLocator)>
<org.springframework.boot.loader.zip.Zip64EndOfCentralDirectoryRecord: org.springframework.boot.loader.zip.Zip64EndOfCentralDirectoryRecord load(org.springframework.boot.loader.zip.DataBlock,org.springframework.boot.loader.zip.Zip64EndOfCentralDirectoryLocator)>/if/1	22	34	<org.springframework.boot.loader.zip.Zip64EndOfCentralDirectoryRecord: org.springframework.boot.loader.zip.Zip64EndOfCentralDirectoryRecord load(org.springframework.boot.loader.zip.DataBlock,org.springframework.boot.loader.zip.Zip64EndOfCentralDirectoryLocator)>
<org.springframework.boot.loader.net.protocol.jar.Canonicalizer: java.lang.String canonicalizeAfter(java.lang.String,int)>/if/0	6	9	<org.springframework.boot.loader.net.protocol.jar.Canonicalizer: java.lang.String canonicalizeAfter(java.lang.String,int)>
<org.springframework.boot.loader.net.protocol.jar.Canonicalizer: java.lang.String canonicalizeAfter(java.lang.String,int)>/if/1	12	18	<org.springframework.boot.loader.net.protocol.jar.Canonicalizer: java.lang.String canonicalizeAfter(java.lang.String,int)>
<org.springframework.boot.loader.net.protocol.jar.Canonicalizer: java.lang.String canonicalizeAfter(java.lang.String,int)>/if/2	13	19	<org.springframework.boot.loader.net.protocol.jar.Canonicalizer: java.lang.String canonicalizeAfter(java.lang.String,int)>
<org.springframework.boot.loader.net.protocol.jar.Canonicalizer: java.lang.String canonicalizeAfter(java.lang.String,int)>/if/3	17	19	<org.springframework.boot.loader.net.protocol.jar.Canonicalizer: java.lang.String canonicalizeAfter(java.lang.String,int)>
<org.springframework.boot.loader.net.protocol.jar.Canonicalizer: java.lang.String removeEmbeddedSlashDotDotSlash(java.lang.String)>/if/0	7	24	<org.springframework.boot.loader.net.protocol.jar.Canonicalizer: java.lang.String removeEmbeddedSlashDotDotSlash(java.lang.String)>
<org.springframework.boot.loader.net.protocol.jar.Canonicalizer: java.lang.String removeEmbeddedSlashDotDotSlash(java.lang.String)>/if/1	13	19	<org.springframework.boot.loader.net.protocol.jar.Canonicalizer: java.lang.String removeEmbeddedSlashDotDotSlash(java.lang.String)>
<org.springframework.boot.loader.net.protocol.jar.Canonicalizer: java.lang.String removeEmbeddedSlashDotSlash(java.lang.String)>/if/0	5	13	<org.springframework.boot.loader.net.protocol.jar.Canonicalizer: java.lang.String removeEmbeddedSlashDotSlash(java.lang.String)>
<org.springframework.boot.loader.net.protocol.jar.Canonicalizer: java.lang.String removeTrailingSlashDot(java.lang.String)>/if/0	3	6	<org.springframework.boot.loader.net.protocol.jar.Canonicalizer: java.lang.String removeTrailingSlashDot(java.lang.String)>
<org.springframework.boot.loader.net.protocol.jar.Canonicalizer: java.lang.String removeTrailingSlashDotDot(java.lang.String)>/if/0	7	24	<org.springframework.boot.loader.net.protocol.jar.Canonicalizer: java.lang.String removeTrailingSlashDotDot(java.lang.String)>
<org.springframework.boot.loader.net.protocol.jar.Canonicalizer: java.lang.String removeTrailingSlashDotDot(java.lang.String)>/if/1	13	18	<org.springframework.boot.loader.net.protocol.jar.Canonicalizer: java.lang.String removeTrailingSlashDotDot(java.lang.String)>
<org.springframework.boot.loader.launch.Launcher: void launch(java.lang.String[])>/if/0	3	5	<org.springframework.boot.loader.launch.Launcher: void launch(java.lang.String[])>
<org.springframework.boot.loader.launch.Launcher: void launch(java.lang.String[])>/if/1	10	13	<org.springframework.boot.loader.launch.Launcher: void launch(java.lang.String[])>
<org.springframework.boot.loader.launch.Launcher: boolean hasLength(java.lang.String)>/if/0	2	7	<org.springframework.boot.loader.launch.Launcher: boolean hasLength(java.lang.String)>
<org.springframework.boot.loader.launch.Launcher: boolean hasLength(java.lang.String)>/if/1	4	7	<org.springframework.boot.loader.launch.Launcher: boolean hasLength(java.lang.String)>
<org.springframework.boot.loader.launch.Launcher: boolean isExploded()>/if/0	2	7	<org.springframework.boot.loader.launch.Launcher: boolean isExploded()>
<org.springframework.boot.loader.launch.Launcher: boolean isExploded()>/if/1	4	7	<org.springframework.boot.loader.launch.Launcher: boolean isExploded()>
<org.springframework.boot.loader.jar.NestedJarFile: void <init>(java.io.File,java.lang.String,java.lang.Runtime$Version,boolean,org.springframework.boot.loader.ref.Cleaner)>/if/0	7	16	<org.springframework.boot.loader.jar.NestedJarFile: void <init>(java.io.File,java.lang.String,java.lang.Runtime$Version,boolean,org.springframework.boot.loader.ref.Cleaner)>
<org.springframework.boot.loader.jar.NestedJarFile: void <init>(java.io.File,java.lang.String,java.lang.Runtime$Version,boolean,org.springframework.boot.loader.ref.Cleaner)>/if/1	8	11	<org.springframework.boot.loader.jar.NestedJarFile: void <init>(java.io.File,java.lang.String,java.lang.Runtime$Version,boolean,org.springframework.boot.loader.ref.Cleaner)>
<org.springframework.boot.loader.jar.NestedJarFile: void <init>(java.io.File,java.lang.String,java.lang.Runtime$Version,boolean,org.springframework.boot.loader.ref.Cleaner)>/if/2	10	16	<org.springframework.boot.loader.jar.NestedJarFile: void <init>(java.io.File,java.lang.String,java.lang.Runtime$Version,boolean,org.springframework.boot.loader.ref.Cleaner)>
<org.springframework.boot.loader.jar.NestedJarFile: void <init>(java.io.File,java.lang.String,java.lang.Runtime$Version,boolean,org.springframework.boot.loader.ref.Cleaner)>/if/3	27	31	<org.springframework.boot.loader.jar.NestedJarFile: void <init>(java.io.File,java.lang.String,java.lang.Runtime$Version,boolean,org.springframework.boot.loader.ref.Cleaner)>
<org.springframework.boot.loader.jar.NestedJarFile: void <init>(java.io.File,java.lang.String,java.lang.Runtime$Version,boolean,org.springframework.boot.loader.ref.Cleaner)>/if/4	37	40	<org.springframework.boot.loader.jar.NestedJarFile: void <init>(java.io.File,java.lang.String,java.lang.Runtime$Version,boolean,org.springframework.boot.loader.ref.Cleaner)>
<org.springframework.boot.loader.jar.NestedJarFile: java.lang.String getBaseName(org.springframework.boot.loader.zip.ZipContent$Entry)>/if/0	5	7	<org.springframework.boot.loader.jar.NestedJarFile: java.lang.String getBaseName(org.springframework.boot.loader.zip.ZipContent$Entry)>
<org.springframework.boot.loader.jar.NestedJarFile: java.lang.String getBaseName(org.springframework.boot.loader.zip.ZipContent$Entry)>/if/1	10	14	<org.springframework.boot.loader.jar.NestedJarFile: java.lang.String getBaseName(org.springframework.boot.loader.zip.ZipContent$Entry)>
<org.springframework.boot.loader.jar.NestedJarFile: java.lang.String getBaseName(org.springframework.boot.loader.zip.ZipContent$Entry)>/if/2	19	23	<org.springframework.boot.loader.jar.NestedJarFile: java.lang.String getBaseName(org.springframework.boot.loader.zip.ZipContent$Entry)>
<org.springframework.boot.loader.jar.NestedJarFile: java.lang.String getBaseName(org.springframework.boot.loader.zip.ZipContent$Entry)>/if/3	22	25	<org.springframework.boot.loader.jar.NestedJarFile: java.lang.String getBaseName(org.springframework.boot.loader.zip.ZipContent$Entry)>
<org.springframework.boot.loader.jar.NestedJarFile: java.lang.String getBaseName(org.springframework.boot.loader.zip.ZipContent$Entry)>/if/4	28	31	<org.springframework.boot.loader.jar.NestedJarFile: java.lang.String getBaseName(org.springframework.boot.loader.zip.ZipContent$Entry)>
<org.springframework.boot.loader.jar.NestedJarFile: boolean hasEntry(java.lang.String)>/if/0	3	9	<org.springframework.boot.loader.jar.NestedJarFile: boolean hasEntry(java.lang.String)>
<org.springframework.boot.loader.jar.NestedJarFile: boolean hasEntry(java.lang.String)>/if/1	6	9	<org.springframework.boot.loader.jar.NestedJarFile: boolean hasEntry(java.lang.String)>
<org.springframework.boot.loader.jar.NestedJarFile: boolean hasEntry(java.lang.String)>/if/2	10	13	<org.springframework.boot.loader.jar.NestedJarFile: boolean hasEntry(java.lang.String)>
<org.springframework.boot.loader.jar.NestedJarFile: org.springframework.boot.loader.jar.NestedJarFile$NestedJarEntry getNestedJarEntry(java.lang.String)>/if/0	5	10	<org.springframework.boot.loader.jar.NestedJarFile: org.springframework.boot.loader.jar.NestedJarFile$NestedJarEntry getNestedJarEntry(java.lang.String)>
<org.springframework.boot.loader.jar.NestedJarFile: org.springframework.boot.loader.jar.NestedJarFile$NestedJarEntry getNestedJarEntry(java.lang.String)>/if/1	8	10	<org.springframework.boot.loader.jar.NestedJarFile: org.springframework.boot.loader.jar.NestedJarFile$NestedJarEntry getNestedJarEntry(java.lang.String)>
<org.springframework.boot.loader.jar.NestedJarFile: org.springframework.boot.loader.jar.NestedJarFile$NestedJarEntry getNestedJarEntry(java.lang.String)>/if/2	11	14	<org.springframework.boot.loader.jar.NestedJarFile: org.springframework.boot.loader.jar.NestedJarFile$NestedJarEntry getNestedJarEntry(java.lang.String)>
<org.springframework.boot.loader.jar.NestedJarFile: org.springframework.boot.loader.jar.NestedJarFile$NestedJarEntry getNestedJarEntry(java.lang.String)>/if/3	18	21	<org.springframework.boot.loader.jar.NestedJarFile: org.springframework.boot.loader.jar.NestedJarFile$NestedJarEntry getNestedJarEntry(java.lang.String)>
<org.springframework.boot.loader.jar.NestedJarFile: org.springframework.boot.loader.zip.ZipContent$Entry getVersionedContentEntry(java.lang.String)>/if/0	4	11	<org.springframework.boot.loader.jar.NestedJarFile: org.springframework.boot.loader.zip.ZipContent$Entry getVersionedContentEntry(java.lang.String)>
<org.springframework.boot.loader.jar.NestedJarFile: org.springframework.boot.loader.zip.ZipContent$Entry getVersionedContentEntry(java.lang.String)>/if/1	7	11	<org.springframework.boot.loader.jar.NestedJarFile: org.springframework.boot.loader.zip.ZipContent$Entry getVersionedContentEntry(java.lang.String)>
<org.springframework.boot.loader.jar.NestedJarFile: org.springframework.boot.loader.zip.ZipContent$Entry getVersionedContentEntry(java.lang.String)>/if/2	10	13	<org.springframework.boot.loader.jar.NestedJarFile: org.springframework.boot.loader.zip.ZipContent$Entry getVersionedContentEntry(java.lang.String)>
<org.springframework.boot.loader.jar.NestedJarFile: org.springframework.boot.loader.zip.ZipContent$Entry getVersionedContentEntry(java.lang.String)>/if/3	20	31	<org.springframework.boot.loader.jar.NestedJarFile: org.springframework.boot.loader.zip.ZipContent$Entry getVersionedContentEntry(java.lang.String)>
<org.springframework.boot.loader.jar.NestedJarFile: org.springframework.boot.loader.zip.ZipContent$Entry getVersionedContentEntry(java.lang.String)>/if/4	23	28	<org.springframework.boot.loader.jar.NestedJarFile: org.springframework.boot.loader.zip.ZipContent$Entry getVersionedContentEntry(java.lang.String)>
<org.springframework.boot.loader.jar.NestedJarFile: org.springframework.boot.loader.zip.ZipContent$Entry getVersionedContentEntry(java.lang.String)>/if/5	26	28	<org.springframework.boot.loader.jar.NestedJarFile: org.springframework.boot.loader.zip.ZipContent$Entry getVersionedContentEntry(java.lang.String)>
<org.springframework.boot.loader.jar.NestedJarFile: org.springframework.boot.loader.jar.ManifestInfo getManifestInfo()>/if/0	2	4	<org.springframework.boot.loader.jar.NestedJarFile: org.springframework.boot.loader.jar.ManifestInfo getManifestInfo()>
<org.springframework.boot.loader.jar.NestedJarFile: org.springframework.boot.loader.jar.ManifestInfo getManifestInfo(org.springframework.boot.loader.zip.ZipContent)>/if/0	4	7	<org.springframework.boot.loader.jar.NestedJarFile: org.springframework.boot.loader.jar.ManifestInfo getManifestInfo(org.springframework.boot.loader.zip.ZipContent)>
<org.springframework.boot.loader.jar.NestedJarFile: org.springframework.boot.loader.jar.ManifestInfo getManifestInfo(org.springframework.boot.loader.zip.ZipContent)>/if/1	12	14	<org.springframework.boot.loader.jar.NestedJarFile: org.springframework.boot.loader.jar.ManifestInfo getManifestInfo(org.springframework.boot.loader.zip.ZipContent)>
<org.springframework.boot.loader.jar.NestedJarFile: org.springframework.boot.loader.jar.ManifestInfo getManifestInfo(org.springframework.boot.loader.zip.ZipContent)>/if/2	17	23	<org.springframework.boot.loader.jar.NestedJarFile: org.springframework.boot.loader.jar.ManifestInfo getManifestInfo(org.springframework.boot.loader.zip.ZipContent)>
<org.springframework.boot.loader.jar.NestedJarFile: org.springframework.boot.loader.jar.MetaInfVersionsInfo getMetaInfVersionsInfo()>/if/0	2	4	<org.springframework.boot.loader.jar.NestedJarFile: org.springframework.boot.loader.jar.MetaInfVersionsInfo getMetaInfVersionsInfo()>
<org.springframework.boot.loader.jar.NestedJarFile: java.io.InputStream getInputStream(java.util.zip.ZipEntry)>/if/0	5	12	<org.springframework.boot.loader.jar.NestedJarFile: java.io.InputStream getInputStream(java.util.zip.ZipEntry)>
<org.springframework.boot.loader.jar.NestedJarFile: java.io.InputStream getInputStream(java.util.zip.ZipEntry)>/if/1	8	12	<org.springframework.boot.loader.jar.NestedJarFile: java.io.InputStream getInputStream(java.util.zip.ZipEntry)>
<org.springframework.boot.loader.jar.NestedJarFile: java.io.InputStream getInputStream(org.springframework.boot.loader.zip.ZipContent$Entry)>/if/0	3	10	<org.springframework.boot.loader.jar.NestedJarFile: java.io.InputStream getInputStream(org.springframework.boot.loader.zip.ZipContent$Entry)>
<org.springframework.boot.loader.jar.NestedJarFile: java.io.InputStream getInputStream(org.springframework.boot.loader.zip.ZipContent$Entry)>/if/1	4	10	<org.springframework.boot.loader.jar.NestedJarFile: java.io.InputStream getInputStream(org.springframework.boot.loader.zip.ZipContent$Entry)>
<org.springframework.boot.loader.jar.NestedJarFile: java.io.InputStream getInputStream(org.springframework.boot.loader.zip.ZipContent$Entry)>/if/2	15	21	<org.springframework.boot.loader.jar.NestedJarFile: java.io.InputStream getInputStream(org.springframework.boot.loader.zip.ZipContent$Entry)>
<org.springframework.boot.loader.jar.NestedJarFile: java.io.InputStream getInputStream(org.springframework.boot.loader.zip.ZipContent$Entry)>/if/2	15	22	<org.springframework.boot.loader.jar.NestedJarFile: java.io.InputStream getInputStream(org.springframework.boot.loader.zip.ZipContent$Entry)>
<org.springframework.boot.loader.jar.NestedJarFile: void close()>/if/0	3	5	<org.springframework.boot.loader.jar.NestedJarFile: void close()>
<org.springframework.boot.loader.jar.NestedJarFile: void ensureOpen()>/if/0	2	8	<org.springframework.boot.loader.jar.NestedJarFile: void ensureOpen()>
<org.springframework.boot.loader.jar.NestedJarFile: void ensureOpen()>/if/1	10	16	<org.springframework.boot.loader.jar.NestedJarFile: void ensureOpen()>
<org.springframework.boot.loader.jar.NestedJarFile$JarEntriesEnumeration: boolean hasMoreElements()>/if/0	4	7	<org.springframework.boot.loader.jar.NestedJarFile$JarEntriesEnumeration: boolean hasMoreElements()>
<org.springframework.boot.loader.jar.NestedJarFile$JarEntriesEnumeration: org.springframework.boot.loader.jar.NestedJarFile$NestedJarEntry nextElement()>/if/0	2	7	<org.springframework.boot.loader.jar.NestedJarFile$JarEntriesEnumeration: org.springframework.boot.loader.jar.NestedJarFile$NestedJarEntry nextElement()>
<org.springframework.boot.loader.net.protocol.jar.JarUrl: java.net.URL create(java.io.File,java.util.jar.JarEntry)>/if/0	2	5	<org.springframework.boot.loader.net.protocol.jar.JarUrl: java.net.URL create(java.io.File,java.util.jar.JarEntry)>
<org.springframework.boot.loader.net.protocol.jar.JarUrl: java.net.URL create(java.io.File,java.lang.String,java.lang.String)>/if/0	3	6	<org.springframework.boot.loader.net.protocol.jar.JarUrl: java.net.URL create(java.io.File,java.lang.String,java.lang.String)>
<org.springframework.boot.loader.net.protocol.jar.JarUrl: java.lang.String getJarReference(java.io.File,java.lang.String)>/if/0	7	11	<org.springframework.boot.loader.net.protocol.jar.JarUrl: java.lang.String getJarReference(java.io.File,java.lang.String)>
<org.springframework.boot.loader.net.protocol.nested.NestedUrlConnection$ConnectionInputStream: void close()>/if/0	2	4	<org.springframework.boot.loader.net.protocol.nested.NestedUrlConnection$ConnectionInputStream: void close()>
<org.springframework.boot.loader.jar.NestedJarFile$RawZipDataInputStream: void close()>/if/0	2	4	<org.springframework.boot.loader.jar.NestedJarFile$RawZipDataInputStream: void close()>
<org.springframework.boot.loader.net.protocol.jar.UrlJarManifest: java.util.jar.Manifest get()>/if/0	2	5	<org.springframework.boot.loader.net.protocol.jar.UrlJarManifest: java.util.jar.Manifest get()>
<org.springframework.boot.loader.net.protocol.jar.UrlJarManifest: java.util.jar.Attributes getEntryAttributes(java.util.jar.JarEntry)>/if/0	3	6	<org.springframework.boot.loader.net.protocol.jar.UrlJarManifest: java.util.jar.Attributes getEntryAttributes(java.util.jar.JarEntry)>
<org.springframework.boot.loader.net.protocol.jar.UrlJarManifest: java.util.jar.Attributes cloneAttributes(java.util.jar.Attributes)>/if/0	2	6	<org.springframework.boot.loader.net.protocol.jar.UrlJarManifest: java.util.jar.Attributes cloneAttributes(java.util.jar.Attributes)>
<org.springframework.boot.loader.net.protocol.jar.UrlJarManifest: java.util.jar.Manifest supply()>/if/0	2	12	<org.springframework.boot.loader.net.protocol.jar.UrlJarManifest: java.util.jar.Manifest supply()>
<org.springframework.boot.loader.net.protocol.jar.UrlJarManifest: java.util.jar.Manifest supply()>/if/0	2	13	<org.springframework.boot.loader.net.protocol.jar.UrlJarManifest: java.util.jar.Manifest supply()>
<org.springframework.boot.loader.net.protocol.jar.UrlJarManifest: java.util.jar.Manifest supply()>/if/1	5	8	<org.springframework.boot.loader.net.protocol.jar.UrlJarManifest: java.util.jar.Manifest supply()>
<org.springframework.boot.loader.net.protocol.jar.UrlJarManifest: java.util.jar.Manifest supply()>/if/2	17	20	<org.springframework.boot.loader.net.protocol.jar.UrlJarManifest: java.util.jar.Manifest supply()>
