<org.springframework.boot.loader.zip.Zip64EndOfCentralDirectoryRecord: org.springframework.boot.loader.zip.Zip64EndOfCentralDirectoryRecord load(org.springframework.boot.loader.zip.DataBlock,org.springframework.boot.loader.zip.Zip64EndOfCentralDirectoryLocator)>/if/1	2	101075792
<org.springframework.boot.loader.net.protocol.jar.Canonicalizer: java.lang.String canonicalizeAfter(java.lang.String,int)>/if/2	2	0
<org.springframework.boot.loader.net.protocol.jar.Canonicalizer: java.lang.String canonicalizeAfter(java.lang.String,int)>/if/3	2	46
<org.springframework.boot.loader.net.protocol.jar.Canonicalizer: java.lang.String removeEmbeddedSlashDotDotSlash(java.lang.String)>/if/0	2	0
<org.springframework.boot.loader.net.protocol.jar.Canonicalizer: java.lang.String removeEmbeddedSlashDotDotSlash(java.lang.String)>/if/1	2	0
<org.springframework.boot.loader.net.protocol.jar.Canonicalizer: java.lang.String removeEmbeddedSlashDotSlash(java.lang.String)>/if/0	2	0
<org.springframework.boot.loader.net.protocol.jar.Canonicalizer: java.lang.String removeTrailingSlashDot(java.lang.String)>/if/0	2	0
<org.springframework.boot.loader.net.protocol.jar.Canonicalizer: java.lang.String removeTrailingSlashDotDot(java.lang.String)>/if/0	2	0
<org.springframework.boot.loader.net.protocol.jar.Canonicalizer: java.lang.String removeTrailingSlashDotDot(java.lang.String)>/if/1	2	0
<org.springframework.boot.loader.launch.Launcher: void launch(java.lang.String[])>/if/0	2	0
<org.springframework.boot.loader.launch.Launcher: void launch(java.lang.String[])>/if/1	2	0
<org.springframework.boot.loader.launch.Launcher: boolean hasLength(java.lang.String)>/if/1	2	0
<org.springframework.boot.loader.launch.Launcher: boolean isExploded()>/if/1	2	0
<org.springframework.boot.loader.jar.NestedJarFile: void <init>(java.io.File,java.lang.String,java.lang.Runtime$Version,boolean,org.springframework.boot.loader.ref.Cleaner)>/if/0	2	0
<org.springframework.boot.loader.jar.NestedJarFile: void <init>(java.io.File,java.lang.String,java.lang.Runtime$Version,boolean,org.springframework.boot.loader.ref.Cleaner)>/if/2	2	0
<org.springframework.boot.loader.jar.NestedJarFile: java.lang.String getBaseName(org.springframework.boot.loader.zip.ZipContent$Entry)>/if/0	2	0
<org.springframework.boot.loader.jar.NestedJarFile: boolean hasEntry(java.lang.String)>/if/1	2	0
<org.springframework.boot.loader.jar.NestedJarFile: org.springframework.boot.loader.jar.NestedJarFile$NestedJarEntry getNestedJarEntry(java.lang.String)>/if/1	2	0
<org.springframework.boot.loader.jar.NestedJarFile: org.springframework.boot.loader.zip.ZipContent$Entry getVersionedContentEntry(java.lang.String)>/if/1	2	0
<org.springframework.boot.loader.jar.NestedJarFile: org.springframework.boot.loader.zip.ZipContent$Entry getVersionedContentEntry(java.lang.String)>/if/2	2	0
<org.springframework.boot.loader.jar.NestedJarFile: org.springframework.boot.loader.zip.ZipContent$Entry getVersionedContentEntry(java.lang.String)>/if/3	2	0
<org.springframework.boot.loader.jar.NestedJarFile: java.io.InputStream getInputStream(java.util.zip.ZipEntry)>/if/0	2	0
<org.springframework.boot.loader.jar.NestedJarFile: java.io.InputStream getInputStream(java.util.zip.ZipEntry)>/if/1	2	0
<org.springframework.boot.loader.jar.NestedJarFile: java.io.InputStream getInputStream(org.springframework.boot.loader.zip.ZipContent$Entry)>/if/0	2	0
<org.springframework.boot.loader.jar.NestedJarFile: java.io.InputStream getInputStream(org.springframework.boot.loader.zip.ZipContent$Entry)>/if/1	2	8
<org.springframework.boot.loader.jar.NestedJarFile: java.io.InputStream getInputStream(org.springframework.boot.loader.zip.ZipContent$Entry)>/if/2	2	8
<org.springframework.boot.loader.jar.NestedJarFile: java.io.InputStream getInputStream(org.springframework.boot.loader.zip.ZipContent$Entry)>/if/2	2	8
<org.springframework.boot.loader.jar.NestedJarFile: void close()>/if/0	2	0
<org.springframework.boot.loader.jar.NestedJarFile: void ensureOpen()>/if/0	2	0
<org.springframework.boot.loader.jar.NestedJarFile$JarEntriesEnumeration: org.springframework.boot.loader.jar.NestedJarFile$NestedJarEntry nextElement()>/if/0	2	0
<org.springframework.boot.loader.net.protocol.nested.NestedUrlConnection$ConnectionInputStream: void close()>/if/0	2	0
<org.springframework.boot.loader.jar.NestedJarFile$RawZipDataInputStream: void close()>/if/0	2	0
