<org.springframework.boot.loader.Launcher: java.lang.ClassLoader createClassLoader(java.util.List)>/if/0	2	0
<org.springframework.boot.loader.jar.JarFileEntries$1: boolean removeEldestEntry(java.util.Map$Entry)>/if/0	2	0
<org.springframework.boot.loader.jar.JarFileEntries$1: boolean removeEldestEntry(java.util.Map$Entry)>/if/1	2	25
<org.springframework.boot.loader.PropertiesLauncher$PrefixMatchingArchiveFilter: boolean matches(org.springframework.boot.loader.archive.Archive$Entry)>/if/0	2	0
<org.springframework.boot.loader.PropertiesLauncher$PrefixMatchingArchiveFilter: boolean matches(org.springframework.boot.loader.archive.Archive$Entry)>/if/1	2	0
<org.springframework.boot.loader.PropertiesLauncher$PrefixMatchingArchiveFilter: boolean matches(org.springframework.boot.loader.archive.Archive$Entry)>/if/2	2	0
<org.springframework.boot.loader.JarLauncher: boolean isNestedArchive(org.springframework.boot.loader.archive.Archive$Entry)>/if/0	2	0
<org.springframework.boot.loader.Launcher: org.springframework.boot.loader.archive.Archive createArchive()>/if/3	2	0
<org.springframework.boot.loader.Launcher: org.springframework.boot.loader.archive.Archive createArchive()>/if/4	2	0
<org.springframework.boot.loader.WarLauncher: boolean isNestedArchive(org.springframework.boot.loader.archive.Archive$Entry)>/if/0	2	0
<org.springframework.boot.loader.WarLauncher: boolean isNestedArchive(org.springframework.boot.loader.archive.Archive$Entry)>/if/1	2	0
<org.springframework.boot.loader.WarLauncher: boolean isNestedArchive(org.springframework.boot.loader.archive.Archive$Entry)>/if/2	2	0
<org.springframework.boot.loader.jar.JarFile$1: void visitFileHeader(org.springframework.boot.loader.jar.CentralDirectoryFileHeader,int)>/if/0	2	0
<org.springframework.boot.loader.jar.JarFile$1: void visitFileHeader(org.springframework.boot.loader.jar.CentralDirectoryFileHeader,int)>/if/1	2	0
<org.springframework.boot.loader.jar.JarFileEntries$EntryIterator: org.springframework.boot.loader.jar.JarEntry next()>/if/0	2	0
<org.springframework.boot.loader.archive.ExplodedArchive$FileEntryIterator: org.springframework.boot.loader.archive.Archive$Entry next()>/if/1	2	0
<org.springframework.boot.loader.archive.ExplodedArchive$FileEntryIterator: org.springframework.boot.loader.archive.Archive$Entry next()>/if/2	2	0
<org.springframework.boot.loader.archive.ExplodedArchive$FileEntryIterator: org.springframework.boot.loader.archive.Archive$Entry next()>/if/3	2	0
<org.springframework.boot.loader.archive.ExplodedArchive$FileEntryIterator: java.io.File poll()>/if/0	2	0
<org.springframework.boot.loader.archive.ExplodedArchive$FileEntryIterator: java.io.File poll()>/if/1	2	0
<org.springframework.boot.loader.archive.ExplodedArchive$FileEntryIterator: java.io.File poll()>/if/2	2	0
<org.springframework.boot.loader.jar.Handler: java.net.URLConnection openConnection(java.net.URL)>/if/1	2	0
<org.springframework.boot.loader.jar.Handler: java.net.URLConnection openFallbackConnection(java.net.URL,java.lang.Exception)>/if/0	2	0
<org.springframework.boot.loader.jar.Handler: java.net.URLConnection openFallbackConnection(java.net.URL,java.lang.Exception)>/if/1	2	0
<org.springframework.boot.loader.jar.Handler: void log(boolean,java.lang.String,java.lang.Exception)>/if/0	2	0
<org.springframework.boot.loader.jar.Handler: void log(boolean,java.lang.String,java.lang.Exception)>/if/1	2	0
<org.springframework.boot.loader.jar.Handler: void log(boolean,java.lang.String,java.lang.Exception)>/if/1	2	0
<org.springframework.boot.loader.jar.Handler: void log(boolean,java.lang.String,java.lang.Exception)>/if/1	2	0
<org.springframework.boot.loader.util.SystemPropertyUtils: java.lang.String parseStringValue(java.util.Properties,java.lang.String,java.lang.String,java.util.Set)>/if/2	2	0
<org.springframework.boot.loader.jar.Handler: void parseURL(java.net.URL,java.lang.String,int,int)>/if/0	2	0
<org.springframework.boot.loader.util.SystemPropertyUtils: int findPlaceholderEndIndex(java.lang.CharSequence,int)>/if/1	2	0
<org.springframework.boot.loader.util.SystemPropertyUtils: int findPlaceholderEndIndex(java.lang.CharSequence,int)>/if/2	2	0
<org.springframework.boot.loader.util.SystemPropertyUtils: int findPlaceholderEndIndex(java.lang.CharSequence,int)>/if/3	2	0
<org.springframework.boot.loader.jar.Handler: java.lang.String getFileFromContext(java.net.URL,java.lang.String)>/if/0	2	0
<org.springframework.boot.loader.jar.Handler: java.lang.String getFileFromContext(java.net.URL,java.lang.String)>/if/1	2	0
<org.springframework.boot.loader.jar.Handler: java.lang.String normalize(java.lang.String)>/if/0	2	0
<org.springframework.boot.loader.jar.Handler: java.lang.String normalize(java.lang.String)>/if/1	2	0
<org.springframework.boot.loader.jar.StringSequence: void <init>(java.lang.String,int,int)>/if/0	2	0
<org.springframework.boot.loader.jar.Handler: java.lang.String replaceParentDir(java.lang.String)>/if/0	2	0
<org.springframework.boot.loader.jar.Handler: java.lang.String replaceParentDir(java.lang.String)>/if/1	2	0
<org.springframework.boot.loader.jar.StringSequence: boolean isEmpty()>/if/0	2	0
<org.springframework.boot.loader.jar.StringSequence: int hashCode()>/if/0	2	0
<org.springframework.boot.loader.jar.StringSequence: int hashCode()>/if/0	2	0
<org.springframework.boot.loader.jar.StringSequence: int hashCode()>/if/0	2	0
<org.springframework.boot.loader.jar.StringSequence: int hashCode()>/if/1	2	0
<org.springframework.boot.loader.jar.StringSequence: int hashCode()>/if/1	2	0
<org.springframework.boot.loader.jar.StringSequence: int hashCode()>/if/1	2	0
<org.springframework.boot.loader.jar.StringSequence: boolean equals(java.lang.Object)>/if/4	2	0
<org.springframework.boot.loader.jar.Handler: boolean sameFile(java.net.URL,java.net.URL)>/if/0	2	0
<org.springframework.boot.loader.jar.Handler: boolean sameFile(java.net.URL,java.net.URL)>/if/1	2	0
<org.springframework.boot.loader.jar.Handler: boolean sameFile(java.net.URL,java.net.URL)>/if/4	2	0
<org.springframework.boot.loader.jar.Handler: boolean sameFile(java.net.URL,java.net.URL)>/if/5	2	0
<org.springframework.boot.loader.jar.Handler: org.springframework.boot.loader.jar.JarFile getRootJarFile(java.lang.String)>/if/0	2	0
<org.springframework.boot.loader.jar.ZipInflaterInputStream: int available()>/if/0	2	0
<org.springframework.boot.loader.jar.ZipInflaterInputStream: void fill()>/if/0	2	0
<org.springframework.boot.loader.jar.ZipInflaterInputStream: int getInflaterBufferSize(long)>/if/0	2	0
<org.springframework.boot.loader.jar.ZipInflaterInputStream: int getInflaterBufferSize(long)>/if/1	2	0
<org.springframework.boot.loader.PropertiesLauncher$ArchiveEntryFilter: boolean matches(org.springframework.boot.loader.archive.Archive$Entry)>/if/0	2	0
<org.springframework.boot.loader.PropertiesLauncher$ArchiveEntryFilter: boolean matches(org.springframework.boot.loader.archive.Archive$Entry)>/if/1	2	0
<org.springframework.boot.loader.jar.JarFileEntries: java.io.InputStream getInputStream(org.springframework.boot.loader.jar.FileHeader)>/if/1	2	8
<org.springframework.boot.loader.jar.JarFileEntries: java.io.InputStream getInputStream(org.springframework.boot.loader.jar.FileHeader)>/if/1	2	8
<org.springframework.boot.loader.jar.JarFileEntries: org.springframework.boot.loader.jar.FileHeader getEntry(int,java.lang.CharSequence,char,java.lang.Class,boolean)>/if/0	2	0
<org.springframework.boot.loader.jar.JarFileEntries: org.springframework.boot.loader.jar.FileHeader getEntry(int,java.lang.CharSequence,char,java.lang.Class,boolean)>/if/3	2	0
<org.springframework.boot.loader.jar.JarFileEntries: org.springframework.boot.loader.jar.FileHeader getEntry(int,java.lang.Class,boolean)>/if/1	2	0
<org.springframework.boot.loader.jar.JarFileEntries: org.springframework.boot.loader.jar.FileHeader getEntry(int,java.lang.Class,boolean)>/if/1	2	0
<org.springframework.boot.loader.jar.JarFileEntries: org.springframework.boot.loader.jar.FileHeader getEntry(int,java.lang.Class,boolean)>/if/1	2	0
<org.springframework.boot.loader.jar.JarFileEntries: org.springframework.boot.loader.jar.FileHeader getEntry(int,java.lang.Class,boolean)>/if/2	2	0
<org.springframework.boot.loader.jar.JarFileEntries: org.springframework.boot.loader.jar.FileHeader getEntry(int,java.lang.Class,boolean)>/if/2	2	0
<org.springframework.boot.loader.jar.JarFileEntries: org.springframework.boot.loader.jar.FileHeader getEntry(int,java.lang.Class,boolean)>/if/2	2	0
<org.springframework.boot.loader.jar.JarFileEntries: org.springframework.boot.loader.jar.FileHeader getEntry(int,java.lang.Class,boolean)>/if/3	2	0
<org.springframework.boot.loader.jar.JarFileEntries: int getFirstIndex(int)>/if/0	2	0
<org.springframework.boot.loader.jar.JarFileEntries: int getFirstIndex(int)>/if/0	2	0
<org.springframework.boot.loader.jar.JarFileEntries: int getFirstIndex(int)>/if/1	2	0
<org.springframework.boot.loader.jar.JarURLConnection$JarEntryName: org.springframework.boot.loader.jar.StringSequence decode(org.springframework.boot.loader.jar.StringSequence)>/if/0	2	0
<org.springframework.boot.loader.jar.JarURLConnection$JarEntryName: org.springframework.boot.loader.jar.StringSequence decode(org.springframework.boot.loader.jar.StringSequence)>/if/1	2	0
<org.springframework.boot.loader.jar.JarURLConnection$JarEntryName: void write(java.lang.String,java.io.ByteArrayOutputStream)>/if/1	2	127
<org.springframework.boot.loader.jar.JarURLConnection$JarEntryName: void write(java.lang.String,java.io.ByteArrayOutputStream)>/if/2	2	37
<org.springframework.boot.loader.jar.JarURLConnection$JarEntryName: void write(java.lang.String,java.io.ByteArrayOutputStream)>/if/2	2	37
<org.springframework.boot.loader.jar.JarURLConnection$JarEntryName: java.lang.String deduceContentType()>/if/0	2	0
<org.springframework.boot.loader.data.RandomAccessDataFile: org.springframework.boot.loader.data.RandomAccessData getSubsection(long,long)>/if/0	2	0
<org.springframework.boot.loader.data.RandomAccessDataFile: org.springframework.boot.loader.data.RandomAccessData getSubsection(long,long)>/if/1	2	0
<org.springframework.boot.loader.data.RandomAccessDataFile: org.springframework.boot.loader.data.RandomAccessData getSubsection(long,long)>/if/2	2	0
<org.springframework.boot.loader.data.RandomAccessDataFile: byte[] read(long,long)>/if/0	2	0
<org.springframework.boot.loader.data.RandomAccessDataFile: byte[] read(long,long)>/if/1	2	0
<org.springframework.boot.loader.data.RandomAccessDataFile: int readByte(long)>/if/0	2	0
<org.springframework.boot.loader.data.RandomAccessDataFile: int read(byte[],long,int,int)>/if/0	2	0
<org.springframework.boot.loader.jar.CentralDirectoryParser: org.springframework.boot.loader.data.RandomAccessData parse(org.springframework.boot.loader.data.RandomAccessData,boolean)>/if/0	2	0
<org.springframework.boot.loader.jar.CentralDirectoryParser: org.springframework.boot.loader.data.RandomAccessData parse(org.springframework.boot.loader.data.RandomAccessData,boolean)>/if/0	2	0
<org.springframework.boot.loader.jar.CentralDirectoryParser: org.springframework.boot.loader.data.RandomAccessData getArchiveData(org.springframework.boot.loader.jar.CentralDirectoryEndRecord,org.springframework.boot.loader.data.RandomAccessData)>/if/0	2	0
<org.springframework.boot.loader.jar.CentralDirectoryParser: void visitStart(org.springframework.boot.loader.jar.CentralDirectoryEndRecord,org.springframework.boot.loader.data.RandomAccessData)>/if/0	2	0
<org.springframework.boot.loader.jar.CentralDirectoryParser: void visitFileHeader(int,org.springframework.boot.loader.jar.CentralDirectoryFileHeader)>/if/0	2	0
<org.springframework.boot.loader.jar.CentralDirectoryParser: void visitEnd()>/if/0	2	0
<org.springframework.boot.loader.archive.ExplodedArchive: void <init>(java.io.File,boolean)>/if/0	2	0
<org.springframework.boot.loader.archive.ExplodedArchive: void <init>(java.io.File,boolean)>/if/1	2	0
<org.springframework.boot.loader.archive.ExplodedArchive: java.util.jar.Manifest getManifest()>/if/1	2	0
<org.springframework.boot.loader.archive.ExplodedArchive: java.util.jar.Manifest getManifest()>/if/1	2	0
<org.springframework.boot.loader.archive.ExplodedArchive: java.util.jar.Manifest getManifest()>/if/1	2	0
<org.springframework.boot.loader.archive.ExplodedArchive: java.util.jar.Manifest getManifest()>/if/1	2	0
<org.springframework.boot.loader.archive.ExplodedArchive: java.util.jar.Manifest getManifest()>/if/1	2	0
<org.springframework.boot.loader.archive.ExplodedArchive: java.util.jar.Manifest getManifest()>/if/1	2	0
<org.springframework.boot.loader.archive.ExplodedArchive: java.util.List getNestedArchives(org.springframework.boot.loader.archive.Archive$EntryFilter)>/if/0	2	0
<org.springframework.boot.loader.archive.ExplodedArchive: java.util.List getNestedArchives(org.springframework.boot.loader.archive.Archive$EntryFilter)>/if/1	2	0
<org.springframework.boot.loader.archive.ExplodedArchive: org.springframework.boot.loader.archive.Archive getNestedArchive(org.springframework.boot.loader.archive.Archive$Entry)>/if/0	2	0
<org.springframework.boot.loader.jar.CentralDirectoryFileHeader: void load(byte[],int,org.springframework.boot.loader.data.RandomAccessData,int,org.springframework.boot.loader.jar.JarEntryFilter)>/if/2	2	0
<org.springframework.boot.loader.jar.CentralDirectoryFileHeader: void load(byte[],int,org.springframework.boot.loader.data.RandomAccessData,int,org.springframework.boot.loader.jar.JarEntryFilter)>/if/3	2	0
<org.springframework.boot.loader.archive.JarFileArchive: java.util.List getNestedArchives(org.springframework.boot.loader.archive.Archive$EntryFilter)>/if/0	2	0
<org.springframework.boot.loader.archive.JarFileArchive: java.util.List getNestedArchives(org.springframework.boot.loader.archive.Archive$EntryFilter)>/if/1	2	0
<org.springframework.boot.loader.archive.JarFileArchive: org.springframework.boot.loader.archive.Archive getNestedArchive(org.springframework.boot.loader.archive.Archive$Entry)>/if/0	2	0
<org.springframework.boot.loader.archive.JarFileArchive: org.springframework.boot.loader.archive.Archive getUnpackedNestedArchive(java.util.jar.JarEntry)>/if/1	2	0
<org.springframework.boot.loader.archive.JarFileArchive: org.springframework.boot.loader.archive.Archive getUnpackedNestedArchive(java.util.jar.JarEntry)>/if/2	2	0
<org.springframework.boot.loader.archive.JarFileArchive: java.io.File createUnpackFolder(java.io.File)>/if/0	2	1000
<org.springframework.boot.loader.archive.JarFileArchive: java.io.File createUnpackFolder(java.io.File)>/if/1	2	0
<org.springframework.boot.loader.LaunchedURLClassLoader: void definePackageIfNecessary(java.lang.String)>/if/0	2	0
<org.springframework.boot.loader.LaunchedURLClassLoader: void clearCache()>/if/1	2	0
<org.springframework.boot.loader.LaunchedURLClassLoader: void clearCache(java.net.URLConnection)>/if/0	2	0
<org.springframework.boot.loader.LaunchedURLClassLoader: java.lang.Object lambda$definePackage$0(java.lang.String,java.lang.String)>/if/1	2	0
<org.springframework.boot.loader.jar.AsciiBytes: void <init>(byte[],int,int)>/if/0	2	0
<org.springframework.boot.loader.jar.AsciiBytes: void <init>(byte[],int,int)>/if/1	2	0
<org.springframework.boot.loader.jar.AsciiBytes: java.lang.String toString()>/if/1	2	0
<org.springframework.boot.loader.jar.AsciiBytes: boolean matches(java.lang.CharSequence,char)>/if/0	2	0
<org.springframework.boot.loader.jar.AsciiBytes: int hashCode()>/if/0	2	0
<org.springframework.boot.loader.jar.AsciiBytes: int hashCode()>/if/0	2	0
<org.springframework.boot.loader.jar.AsciiBytes: int hashCode()>/if/0	2	0
<org.springframework.boot.loader.jar.AsciiBytes: int hashCode()>/if/1	2	0
<org.springframework.boot.loader.jar.AsciiBytes: int hashCode()>/if/1	2	0
<org.springframework.boot.loader.jar.AsciiBytes: int hashCode()>/if/1	2	0
<org.springframework.boot.loader.jar.AsciiBytes: int getNumberOfUtfBytes(int)>/if/0	2	0
<org.springframework.boot.loader.jar.AsciiBytes: int getNumberOfUtfBytes(int)>/if/1	2	0
<org.springframework.boot.loader.jar.AsciiBytes: int hashCode(java.lang.CharSequence)>/if/0	2	0
<org.springframework.boot.loader.jar.AsciiBytes: int hashCode(int,char)>/if/0	2	0
<org.springframework.boot.loader.jar.JarFile: java.io.InputStream getInputStream(java.util.zip.ZipEntry)>/if/0	2	0
<org.springframework.boot.loader.jar.JarFile: org.springframework.boot.loader.jar.JarFile createJarFileFromEntry(org.springframework.boot.loader.jar.JarEntry)>/if/0	2	0
<org.springframework.boot.loader.jar.JarFile: org.springframework.boot.loader.jar.JarFile createJarFileFromFileEntry(org.springframework.boot.loader.jar.JarEntry)>/if/0	2	0
<org.springframework.boot.loader.jar.JarFile: void setupEntryCertificates(org.springframework.boot.loader.jar.JarEntry)>/if/1	2	0
<org.springframework.boot.loader.jar.JarFile: void registerUrlProtocolHandler()>/if/0	2	0
<org.springframework.boot.loader.jar.JarFile: org.springframework.boot.loader.jar.AsciiBytes lambda$createJarFileFromDirectoryEntry$1(org.springframework.boot.loader.jar.AsciiBytes,org.springframework.boot.loader.jar.AsciiBytes)>/if/0	2	0
<org.springframework.boot.loader.jar.JarFile: org.springframework.boot.loader.jar.AsciiBytes lambda$createJarFileFromDirectoryEntry$1(org.springframework.boot.loader.jar.AsciiBytes,org.springframework.boot.loader.jar.AsciiBytes)>/if/1	2	0
<org.springframework.boot.loader.jar.JarEntry: java.security.cert.Certificate[] getCertificates()>/if/0	2	0
<org.springframework.boot.loader.jar.JarEntry: java.security.CodeSigner[] getCodeSigners()>/if/0	2	0
<org.springframework.boot.loader.jar.Bytes: long littleEndianValue(byte[],int,int)>/if/0	2	0
<org.springframework.boot.loader.PropertiesLauncher: void initializeProperties()>/if/2	2	0
<org.springframework.boot.loader.PropertiesLauncher: void loadResource(java.io.InputStream)>/if/0	2	0
<org.springframework.boot.loader.PropertiesLauncher: void loadResource(java.io.InputStream)>/if/2	2	0
<org.springframework.boot.loader.PropertiesLauncher: void loadResource(java.io.InputStream)>/if/2	2	0
<org.springframework.boot.loader.PropertiesLauncher: void loadResource(java.io.InputStream)>/if/3	2	0
<org.springframework.boot.loader.PropertiesLauncher: void loadResource(java.io.InputStream)>/if/3	2	0
<org.springframework.boot.loader.PropertiesLauncher: java.io.InputStream getResource(java.lang.String)>/if/0	2	0
<org.springframework.boot.loader.PropertiesLauncher: java.io.InputStream getResource(java.lang.String)>/if/1	2	0
<org.springframework.boot.loader.PropertiesLauncher: java.lang.String handleUrl(java.lang.String)>/if/0	2	0
<org.springframework.boot.loader.PropertiesLauncher: java.lang.String handleUrl(java.lang.String)>/if/1	2	0
<org.springframework.boot.loader.PropertiesLauncher: java.lang.String handleUrl(java.lang.String)>/if/1	2	0
<org.springframework.boot.loader.PropertiesLauncher: java.lang.String handleUrl(java.lang.String)>/if/1	2	0
<org.springframework.boot.loader.PropertiesLauncher: java.lang.String handleUrl(java.lang.String)>/if/1	2	0
<org.springframework.boot.loader.PropertiesLauncher: java.lang.String handleUrl(java.lang.String)>/if/2	2	0
<org.springframework.boot.loader.PropertiesLauncher: java.lang.String handleUrl(java.lang.String)>/if/2	2	0
<org.springframework.boot.loader.PropertiesLauncher: java.lang.String handleUrl(java.lang.String)>/if/2	2	0
<org.springframework.boot.loader.PropertiesLauncher: java.lang.String handleUrl(java.lang.String)>/if/2	2	0
<org.springframework.boot.loader.PropertiesLauncher: java.lang.String handleUrl(java.lang.String)>/if/3	2	0
<org.springframework.boot.loader.PropertiesLauncher: java.lang.String handleUrl(java.lang.String)>/if/3	2	0
<org.springframework.boot.loader.PropertiesLauncher: java.lang.String handleUrl(java.lang.String)>/if/3	2	0
<org.springframework.boot.loader.PropertiesLauncher: java.lang.String handleUrl(java.lang.String)>/if/3	2	0
<org.springframework.boot.loader.PropertiesLauncher: java.io.InputStream getClasspathResource(java.lang.String)>/if/0	2	0
<org.springframework.boot.loader.PropertiesLauncher: java.io.InputStream getFileResource(java.lang.String)>/if/0	2	0
<org.springframework.boot.loader.PropertiesLauncher: java.io.InputStream getURLResource(java.lang.String)>/if/0	2	0
<org.springframework.boot.loader.PropertiesLauncher: java.io.InputStream getURLResource(java.lang.String)>/if/1	2	0
<org.springframework.boot.loader.PropertiesLauncher: boolean exists(java.net.URL)>/if/0	2	0
<org.springframework.boot.loader.PropertiesLauncher: boolean exists(java.net.URL)>/if/1	2	200
<org.springframework.boot.loader.PropertiesLauncher: boolean exists(java.net.URL)>/if/2	2	0
<org.springframework.boot.loader.PropertiesLauncher: boolean exists(java.net.URL)>/if/3	2	404
<org.springframework.boot.loader.PropertiesLauncher: boolean exists(java.net.URL)>/if/4	2	0
<org.springframework.boot.loader.PropertiesLauncher: boolean exists(java.net.URL)>/if/5	2	0
<org.springframework.boot.loader.PropertiesLauncher: boolean exists(java.net.URL)>/if/6	2	0
<org.springframework.boot.loader.PropertiesLauncher: boolean exists(java.net.URL)>/if/7	2	0
<org.springframework.boot.loader.PropertiesLauncher: java.util.List parsePathsProperty(java.lang.String)>/if/1	2	0
<org.springframework.boot.loader.PropertiesLauncher: java.util.List parsePathsProperty(java.lang.String)>/if/2	2	0
<org.springframework.boot.loader.PropertiesLauncher: java.lang.ClassLoader createClassLoader(java.util.List)>/if/0	2	0
<org.springframework.boot.loader.PropertiesLauncher: java.lang.String getProperty(java.lang.String,java.lang.String,java.lang.String)>/if/2	2	0
<org.springframework.boot.loader.PropertiesLauncher: java.util.List getClassPathArchives()>/if/0	2	0
<org.springframework.boot.loader.PropertiesLauncher: java.util.List getClassPathArchives()>/if/1	2	0
<org.springframework.boot.loader.PropertiesLauncher: java.util.List getClassPathArchives()>/if/2	2	0
<org.springframework.boot.loader.PropertiesLauncher: java.util.List getClassPathArchives(java.lang.String)>/if/0	2	0
<org.springframework.boot.loader.PropertiesLauncher: java.util.List getClassPathArchives(java.lang.String)>/if/0	2	0
<org.springframework.boot.loader.PropertiesLauncher: java.util.List getClassPathArchives(java.lang.String)>/if/0	2	0
<org.springframework.boot.loader.PropertiesLauncher: java.util.List getClassPathArchives(java.lang.String)>/if/1	2	0
<org.springframework.boot.loader.PropertiesLauncher: java.util.List getClassPathArchives(java.lang.String)>/if/1	2	0
<org.springframework.boot.loader.PropertiesLauncher: java.util.List getClassPathArchives(java.lang.String)>/if/2	2	0
<org.springframework.boot.loader.PropertiesLauncher: java.util.List getClassPathArchives(java.lang.String)>/if/2	2	0
<org.springframework.boot.loader.PropertiesLauncher: java.util.List getClassPathArchives(java.lang.String)>/if/2	2	0
<org.springframework.boot.loader.PropertiesLauncher: boolean isAbsolutePath(java.lang.String)>/if/0	2	0
<org.springframework.boot.loader.PropertiesLauncher: boolean isAbsolutePath(java.lang.String)>/if/1	2	0
<org.springframework.boot.loader.PropertiesLauncher: org.springframework.boot.loader.archive.Archive getArchive(java.io.File)>/if/0	2	0
<org.springframework.boot.loader.PropertiesLauncher: org.springframework.boot.loader.archive.Archive getArchive(java.io.File)>/if/1	2	0
<org.springframework.boot.loader.PropertiesLauncher: org.springframework.boot.loader.archive.Archive getArchive(java.io.File)>/if/2	2	0
<org.springframework.boot.loader.PropertiesLauncher: java.util.List getNestedArchives(java.lang.String)>/if/0	2	0
<org.springframework.boot.loader.PropertiesLauncher: java.util.List getNestedArchives(java.lang.String)>/if/1	2	0
<org.springframework.boot.loader.PropertiesLauncher: java.util.List getNestedArchives(java.lang.String)>/if/2	2	0
<org.springframework.boot.loader.PropertiesLauncher: java.util.List getNestedArchives(java.lang.String)>/if/4	2	0
<org.springframework.boot.loader.PropertiesLauncher: java.util.List getNestedArchives(java.lang.String)>/if/4	2	0
<org.springframework.boot.loader.PropertiesLauncher: java.util.List getNestedArchives(java.lang.String)>/if/5	2	0
<org.springframework.boot.loader.PropertiesLauncher: java.util.List getNestedArchives(java.lang.String)>/if/5	2	0
<org.springframework.boot.loader.PropertiesLauncher: java.util.List getNestedArchives(java.lang.String)>/if/6	2	0
<org.springframework.boot.loader.PropertiesLauncher: java.util.List getNestedArchives(java.lang.String)>/if/6	2	0
<org.springframework.boot.loader.PropertiesLauncher: java.util.List getNestedArchives(java.lang.String)>/if/6	2	0
<org.springframework.boot.loader.PropertiesLauncher: java.util.List getNestedArchives(java.lang.String)>/if/7	2	0
<org.springframework.boot.loader.PropertiesLauncher: java.util.List getNestedArchives(java.lang.String)>/if/7	2	0
<org.springframework.boot.loader.PropertiesLauncher: java.util.List getNestedArchives(java.lang.String)>/if/7	2	0
<org.springframework.boot.loader.PropertiesLauncher: java.util.List getNestedArchives(java.lang.String)>/if/8	2	0
<org.springframework.boot.loader.PropertiesLauncher: java.util.List getNestedArchives(java.lang.String)>/if/9	2	0
<org.springframework.boot.loader.PropertiesLauncher: java.util.List getNestedArchives(java.lang.String)>/if/10	2	0
<org.springframework.boot.loader.PropertiesLauncher: java.util.List getNestedArchives(java.lang.String)>/if/10	2	0
<org.springframework.boot.loader.PropertiesLauncher: java.util.List getNestedArchives(java.lang.String)>/if/11	2	0
<org.springframework.boot.loader.PropertiesLauncher: java.util.List getNestedArchives(java.lang.String)>/if/12	2	0
<org.springframework.boot.loader.PropertiesLauncher: java.util.List getNestedArchives(java.lang.String)>/if/13	2	0
<org.springframework.boot.loader.PropertiesLauncher: java.lang.String cleanupPath(java.lang.String)>/if/0	2	0
<org.springframework.boot.loader.PropertiesLauncher: java.lang.String cleanupPath(java.lang.String)>/if/0	2	0
<org.springframework.boot.loader.PropertiesLauncher: java.lang.String cleanupPath(java.lang.String)>/if/1	2	0
<org.springframework.boot.loader.PropertiesLauncher: java.lang.String cleanupPath(java.lang.String)>/if/2	2	0
<org.springframework.boot.loader.PropertiesLauncher: java.lang.String cleanupPath(java.lang.String)>/if/3	2	0
<org.springframework.boot.loader.PropertiesLauncher: java.lang.String cleanupPath(java.lang.String)>/if/4	2	0
<org.springframework.boot.loader.PropertiesLauncher: java.lang.String cleanupPath(java.lang.String)>/if/4	2	0
<org.springframework.boot.loader.PropertiesLauncher: java.lang.String cleanupPath(java.lang.String)>/if/4	2	0
<org.springframework.boot.loader.PropertiesLauncher: java.lang.String cleanupPath(java.lang.String)>/if/4	2	0
<org.springframework.boot.loader.PropertiesLauncher: java.lang.String cleanupPath(java.lang.String)>/if/5	2	0
<org.springframework.boot.loader.PropertiesLauncher: java.lang.String cleanupPath(java.lang.String)>/if/5	2	0
<org.springframework.boot.loader.PropertiesLauncher: java.lang.String cleanupPath(java.lang.String)>/if/5	2	0
<org.springframework.boot.loader.PropertiesLauncher: java.lang.String cleanupPath(java.lang.String)>/if/5	2	0
<org.springframework.boot.loader.PropertiesLauncher: java.lang.String toCamelCase(java.lang.CharSequence)>/if/1	2	0
<org.springframework.boot.loader.PropertiesLauncher: void debug(java.lang.String)>/if/0	2	0
<org.springframework.boot.loader.PropertiesLauncher: boolean lambda$addNestedEntries$0(org.springframework.boot.loader.archive.Archive$Entry)>/if/0	2	0
<org.springframework.boot.loader.jar.CentralDirectoryEndRecord: void <init>(org.springframework.boot.loader.data.RandomAccessData)>/if/0	2	0
<org.springframework.boot.loader.jar.CentralDirectoryEndRecord: void <init>(org.springframework.boot.loader.data.RandomAccessData)>/if/2	2	65557
<org.springframework.boot.loader.jar.CentralDirectoryEndRecord: void <init>(org.springframework.boot.loader.data.RandomAccessData)>/if/3	2	0
<org.springframework.boot.loader.jar.CentralDirectoryEndRecord: boolean isValid()>/if/0	2	22
<org.springframework.boot.loader.jar.CentralDirectoryEndRecord: boolean isValid()>/if/1	2	0
<org.springframework.boot.loader.jar.CentralDirectoryEndRecord: boolean isValid()>/if/2	2	0
<org.springframework.boot.loader.jar.CentralDirectoryEndRecord: int getNumberOfRecords()>/if/0	2	0
<org.springframework.boot.loader.jar.JarURLConnection: void connect()>/if/1	2	0
<org.springframework.boot.loader.jar.JarURLConnection: java.net.URL buildJarFileUrl()>/if/0	2	0
<org.springframework.boot.loader.jar.JarURLConnection: java.net.URL buildJarFileUrl()>/if/0	2	0
<org.springframework.boot.loader.jar.JarURLConnection: org.springframework.boot.loader.jar.JarEntry getJarEntry()>/if/1	2	0
<org.springframework.boot.loader.jar.JarURLConnection: java.io.InputStream getInputStream()>/if/1	2	0
<org.springframework.boot.loader.jar.JarURLConnection: java.io.InputStream getInputStream()>/if/3	2	0
<org.springframework.boot.loader.jar.JarURLConnection: void throwFileNotFound(java.lang.Object,org.springframework.boot.loader.jar.JarFile)>/if/0	2	0
<org.springframework.boot.loader.jar.JarURLConnection: int getContentLength()>/if/0	2	0
<org.springframework.boot.loader.jar.JarURLConnection: long getContentLengthLong()>/if/1	2	0
<org.springframework.boot.loader.jar.JarURLConnection: java.lang.Object getContent()>/if/0	2	0
<org.springframework.boot.loader.jar.JarURLConnection: long getLastModified()>/if/1	2	0
<org.springframework.boot.loader.jar.JarURLConnection: org.springframework.boot.loader.jar.JarURLConnection get(java.net.URL,org.springframework.boot.loader.jar.JarFile)>/if/0	2	0
<org.springframework.boot.loader.jar.JarURLConnection: org.springframework.boot.loader.jar.JarURLConnection get(java.net.URL,org.springframework.boot.loader.jar.JarFile)>/if/2	2	0
<org.springframework.boot.loader.jar.JarURLConnection: org.springframework.boot.loader.jar.JarURLConnection get(java.net.URL,org.springframework.boot.loader.jar.JarFile)>/if/3	2	0
<org.springframework.boot.loader.jar.JarURLConnection: org.springframework.boot.loader.jar.JarURLConnection get(java.net.URL,org.springframework.boot.loader.jar.JarFile)>/if/4	2	0
<org.springframework.boot.loader.jar.JarURLConnection: int indexOfRootSpec(org.springframework.boot.loader.jar.StringSequence,java.lang.String)>/if/0	2	0
<org.springframework.boot.loader.jar.JarURLConnection: org.springframework.boot.loader.jar.JarURLConnection notFound(org.springframework.boot.loader.jar.JarFile,org.springframework.boot.loader.jar.JarURLConnection$JarEntryName)>/if/0	2	0
<org.springframework.boot.loader.data.RandomAccessDataFile$DataInputStream: int doRead(byte[],int,int)>/if/0	2	0
<org.springframework.boot.loader.data.RandomAccessDataFile$DataInputStream: int doRead(byte[],int,int)>/if/1	2	0
<org.springframework.boot.loader.data.RandomAccessDataFile$DataInputStream: long skip(long)>/if/0	2	0
