<org.springframework.boot.loader.Launcher: java.lang.ClassLoader createClassLoader(java.util.List)>/new java.util.ArrayList/0	java.util.ArrayList
<org.springframework.boot.loader.Launcher: java.lang.ClassLoader createClassLoader(java.util.List)>/new java.net.URL[]/0	java.net.URL[]
<org.springframework.boot.loader.Launcher: java.lang.ClassLoader createClassLoader(java.net.URL[])>/new org.springframework.boot.loader.LaunchedURLClassLoader/0	org.springframework.boot.loader.LaunchedURLClassLoader
<org.springframework.boot.loader.PropertiesLauncher$PrefixMatchingArchiveFilter: void <init>(java.lang.String)>/new org.springframework.boot.loader.PropertiesLauncher$ArchiveEntryFilter/0	org.springframework.boot.loader.PropertiesLauncher$ArchiveEntryFilter
<org.springframework.boot.loader.Launcher: org.springframework.boot.loader.MainMethodRunner createMainMethodRunner(java.lang.String,java.lang.String[],java.lang.ClassLoader)>/new org.springframework.boot.loader.MainMethodRunner/0	org.springframework.boot.loader.MainMethodRunner
<org.springframework.boot.loader.Launcher: org.springframework.boot.loader.archive.Archive createArchive()>/new java.lang.IllegalStateException/0	java.lang.IllegalStateException
<org.springframework.boot.loader.Launcher: org.springframework.boot.loader.archive.Archive createArchive()>/new java.io.File/0	java.io.File
<org.springframework.boot.loader.Launcher: org.springframework.boot.loader.archive.Archive createArchive()>/new java.lang.IllegalStateException/1	java.lang.IllegalStateException
<org.springframework.boot.loader.Launcher: org.springframework.boot.loader.archive.Archive createArchive()>/new java.lang.StringBuilder/0	java.lang.StringBuilder
<org.springframework.boot.loader.Launcher: org.springframework.boot.loader.archive.Archive createArchive()>/new org.springframework.boot.loader.archive.ExplodedArchive/0	org.springframework.boot.loader.archive.ExplodedArchive
<org.springframework.boot.loader.Launcher: org.springframework.boot.loader.archive.Archive createArchive()>/new org.springframework.boot.loader.archive.JarFileArchive/0	org.springframework.boot.loader.archive.JarFileArchive
<org.springframework.boot.loader.JarLauncher: void main(java.lang.String[])>/new org.springframework.boot.loader.JarLauncher/0	org.springframework.boot.loader.JarLauncher
<org.springframework.boot.loader.WarLauncher: void main(java.lang.String[])>/new org.springframework.boot.loader.WarLauncher/0	org.springframework.boot.loader.WarLauncher
<org.springframework.boot.loader.archive.ExplodedArchive$FileEntryIterator: void <init>(java.io.File,boolean)>/new org.springframework.boot.loader.archive.ExplodedArchive$FileEntryIterator$EntryComparator/0	org.springframework.boot.loader.archive.ExplodedArchive$FileEntryIterator$EntryComparator
<org.springframework.boot.loader.archive.ExplodedArchive$FileEntryIterator: void <init>(java.io.File,boolean)>/new java.util.LinkedList/0	java.util.LinkedList
<org.springframework.boot.loader.jar.JarFileEntries$EntryIterator: org.springframework.boot.loader.jar.JarEntry next()>/new java.util.NoSuchElementException/0	java.util.NoSuchElementException
<org.springframework.boot.loader.archive.ExplodedArchive$FileEntryIterator: org.springframework.boot.loader.archive.Archive$Entry next()>/new java.util.NoSuchElementException/0	java.util.NoSuchElementException
<org.springframework.boot.loader.archive.JarFileArchive$EntryIterator: org.springframework.boot.loader.archive.Archive$Entry next()>/new org.springframework.boot.loader.archive.JarFileArchive$JarFileEntry/0	org.springframework.boot.loader.archive.JarFileArchive$JarFileEntry
<org.springframework.boot.loader.archive.JarFileArchive$EntryIterator: void remove()>/new java.lang.UnsupportedOperationException/0	java.lang.UnsupportedOperationException
<org.springframework.boot.loader.archive.ExplodedArchive$FileEntryIterator: org.springframework.boot.loader.archive.Archive$Entry next()>/new org.springframework.boot.loader.archive.ExplodedArchive$FileEntry/0	org.springframework.boot.loader.archive.ExplodedArchive$FileEntry
<org.springframework.boot.loader.archive.ExplodedArchive$FileEntryIterator: void remove()>/new java.lang.UnsupportedOperationException/0	java.lang.UnsupportedOperationException
<org.springframework.boot.loader.util.SystemPropertyUtils: java.lang.String resolvePlaceholders(java.lang.String)>/new java.util.HashSet/0	java.util.HashSet
<org.springframework.boot.loader.util.SystemPropertyUtils: java.lang.String resolvePlaceholders(java.util.Properties,java.lang.String)>/new java.util.HashSet/0	java.util.HashSet
<org.springframework.boot.loader.jar.Handler: java.net.URLConnection openFallbackConnection(java.net.URL,java.lang.Exception)>/new java.lang.IllegalStateException/0	java.lang.IllegalStateException
<org.springframework.boot.loader.util.SystemPropertyUtils: java.lang.String parseStringValue(java.util.Properties,java.lang.String,java.lang.String,java.util.Set)>/new java.lang.StringBuilder/0	java.lang.StringBuilder
<org.springframework.boot.loader.util.SystemPropertyUtils: java.lang.String parseStringValue(java.util.Properties,java.lang.String,java.lang.String,java.util.Set)>/new java.lang.IllegalArgumentException/0	java.lang.IllegalArgumentException
<org.springframework.boot.loader.util.SystemPropertyUtils: java.lang.String parseStringValue(java.util.Properties,java.lang.String,java.lang.String,java.util.Set)>/new java.lang.StringBuilder/1	java.lang.StringBuilder
<org.springframework.boot.loader.jar.Handler: void log(boolean,java.lang.String,java.lang.Exception)>/new java.lang.StringBuilder/0	java.lang.StringBuilder
<org.springframework.boot.loader.jar.Handler: java.net.URLStreamHandler getFallbackHandler()>/new java.lang.IllegalStateException/0	java.lang.IllegalStateException
<org.springframework.boot.loader.jar.Handler: java.net.URLConnection openConnection(java.net.URLStreamHandler,java.net.URL)>/new java.lang.IllegalStateException/0	java.lang.IllegalStateException
<org.springframework.boot.loader.jar.Handler: java.net.URLConnection openConnection(java.net.URLStreamHandler,java.net.URL)>/new java.lang.Object[]/0	java.lang.Object[]
<org.springframework.boot.loader.util.SystemPropertyUtils: java.lang.String getProperty(java.lang.String,java.lang.String,java.lang.String)>/new java.lang.StringBuilder/0	java.lang.StringBuilder
<org.springframework.boot.loader.jar.Handler: java.lang.String getFileFromSpec(java.lang.String)>/new java.lang.IllegalArgumentException/0	java.lang.IllegalArgumentException
<org.springframework.boot.loader.jar.Handler: java.lang.String getFileFromSpec(java.lang.String)>/new java.lang.StringBuilder/0	java.lang.StringBuilder
<org.springframework.boot.loader.jar.Handler: java.lang.String getFileFromSpec(java.lang.String)>/new java.net.URL/0	java.net.URL
<org.springframework.boot.loader.jar.Handler: java.lang.String getFileFromSpec(java.lang.String)>/new java.lang.IllegalArgumentException/1	java.lang.IllegalArgumentException
<org.springframework.boot.loader.jar.Handler: java.lang.String getFileFromSpec(java.lang.String)>/new java.lang.StringBuilder/1	java.lang.StringBuilder
<org.springframework.boot.loader.jar.Handler: java.lang.String getFileFromContext(java.net.URL,java.lang.String)>/new java.lang.StringBuilder/0	java.lang.StringBuilder
<org.springframework.boot.loader.jar.Handler: java.lang.String getFileFromContext(java.net.URL,java.lang.String)>/new java.lang.StringBuilder/1	java.lang.StringBuilder
<org.springframework.boot.loader.jar.Handler: java.lang.String getFileFromContext(java.net.URL,java.lang.String)>/new java.lang.IllegalArgumentException/0	java.lang.IllegalArgumentException
<org.springframework.boot.loader.jar.Handler: java.lang.String getFileFromContext(java.net.URL,java.lang.String)>/new java.lang.StringBuilder/2	java.lang.StringBuilder
<org.springframework.boot.loader.jar.Handler: java.lang.String getFileFromContext(java.net.URL,java.lang.String)>/new java.lang.StringBuilder/3	java.lang.StringBuilder
<org.springframework.boot.loader.jar.Handler: java.lang.String trimToJarRoot(java.lang.String)>/new java.lang.IllegalArgumentException/0	java.lang.IllegalArgumentException
<org.springframework.boot.loader.jar.Handler: java.lang.String trimToJarRoot(java.lang.String)>/new java.lang.StringBuilder/0	java.lang.StringBuilder
<org.springframework.boot.loader.jar.Handler: java.lang.String normalize(java.lang.String)>/new java.lang.StringBuilder/0	java.lang.StringBuilder
<org.springframework.boot.loader.jar.StringSequence: void <init>(java.lang.String,int,int)>/new java.lang.StringIndexOutOfBoundsException/0	java.lang.StringIndexOutOfBoundsException
<org.springframework.boot.loader.jar.StringSequence: void <init>(java.lang.String,int,int)>/new java.lang.StringIndexOutOfBoundsException/1	java.lang.StringIndexOutOfBoundsException
<org.springframework.boot.loader.jar.Handler: java.lang.String replaceParentDir(java.lang.String)>/new java.lang.StringBuilder/0	java.lang.StringBuilder
<org.springframework.boot.loader.jar.StringSequence: org.springframework.boot.loader.jar.StringSequence subSequence(int,int)>/new java.lang.StringIndexOutOfBoundsException/0	java.lang.StringIndexOutOfBoundsException
<org.springframework.boot.loader.jar.StringSequence: org.springframework.boot.loader.jar.StringSequence subSequence(int,int)>/new java.lang.StringIndexOutOfBoundsException/1	java.lang.StringIndexOutOfBoundsException
<org.springframework.boot.loader.jar.StringSequence: org.springframework.boot.loader.jar.StringSequence subSequence(int,int)>/new org.springframework.boot.loader.jar.StringSequence/0	org.springframework.boot.loader.jar.StringSequence
<org.springframework.boot.loader.jar.Handler: int hashCode(java.lang.String,java.lang.String)>/new java.net.URL/0	java.net.URL
<org.springframework.boot.loader.jar.Handler: boolean sameFile(java.net.URL,java.net.URL)>/new java.net.URL/0	java.net.URL
<org.springframework.boot.loader.jar.Handler: boolean sameFile(java.net.URL,java.net.URL)>/new java.net.URL/1	java.net.URL
<org.springframework.boot.loader.jar.Handler: org.springframework.boot.loader.jar.JarFile getRootJarFileFromUrl(java.net.URL)>/new java.net.MalformedURLException/0	java.net.MalformedURLException
<org.springframework.boot.loader.jar.Handler: org.springframework.boot.loader.jar.JarFile getRootJarFile(java.lang.String)>/new java.lang.IllegalStateException/0	java.lang.IllegalStateException
<org.springframework.boot.loader.jar.Handler: org.springframework.boot.loader.jar.JarFile getRootJarFile(java.lang.String)>/new java.io.File/0	java.io.File
<org.springframework.boot.loader.jar.Handler: org.springframework.boot.loader.jar.JarFile getRootJarFile(java.lang.String)>/new org.springframework.boot.loader.jar.JarFile/0	org.springframework.boot.loader.jar.JarFile
<org.springframework.boot.loader.jar.Handler: org.springframework.boot.loader.jar.JarFile getRootJarFile(java.lang.String)>/new java.io.IOException/0	java.io.IOException
<org.springframework.boot.loader.jar.Handler: org.springframework.boot.loader.jar.JarFile getRootJarFile(java.lang.String)>/new java.lang.StringBuilder/0	java.lang.StringBuilder
<org.springframework.boot.loader.MainMethodRunner: void run()>/new java.lang.Class[]/0	java.lang.Class[]
<org.springframework.boot.loader.MainMethodRunner: void run()>/new java.lang.Object[]/0	java.lang.Object[]
<org.springframework.boot.loader.jar.ZipInflaterInputStream: void <init>(java.io.InputStream,int)>/new java.util.zip.Inflater/0	java.util.zip.Inflater
<org.springframework.boot.loader.jar.Handler: void addToRootFileCache(java.io.File,org.springframework.boot.loader.jar.JarFile)>/new java.util.concurrent.ConcurrentHashMap/0	java.util.concurrent.ConcurrentHashMap
<org.springframework.boot.loader.jar.Handler: void addToRootFileCache(java.io.File,org.springframework.boot.loader.jar.JarFile)>/new java.lang.ref.SoftReference/0	java.lang.ref.SoftReference
<org.springframework.boot.loader.jar.Handler: void <clinit>()>/new java.lang.String[]/0	java.lang.String[]
<org.springframework.boot.loader.jar.Handler: void <clinit>()>/new java.lang.Class[]/0	java.lang.Class[]
<org.springframework.boot.loader.jar.Handler: void <clinit>()>/new java.lang.ref.SoftReference/0	java.lang.ref.SoftReference
<org.springframework.boot.loader.jar.JarFileEntries: void <init>(org.springframework.boot.loader.jar.JarFile,org.springframework.boot.loader.jar.JarEntryFilter)>/new org.springframework.boot.loader.jar.JarFileEntries$1/0	org.springframework.boot.loader.jar.JarFileEntries$1
<org.springframework.boot.loader.jar.JarFileEntries: void visitStart(org.springframework.boot.loader.jar.CentralDirectoryEndRecord,org.springframework.boot.loader.data.RandomAccessData)>/new int[]/0	int[]
<org.springframework.boot.loader.jar.JarFileEntries: void visitStart(org.springframework.boot.loader.jar.CentralDirectoryEndRecord,org.springframework.boot.loader.data.RandomAccessData)>/new int[]/1	int[]
<org.springframework.boot.loader.jar.JarFileEntries: void visitStart(org.springframework.boot.loader.jar.CentralDirectoryEndRecord,org.springframework.boot.loader.data.RandomAccessData)>/new int[]/2	int[]
<org.springframework.boot.loader.jar.JarFileEntries: void visitEnd()>/new int[]/0	int[]
<org.springframework.boot.loader.jar.JarFileEntries: java.util.Iterator iterator()>/new org.springframework.boot.loader.jar.JarFileEntries$EntryIterator/0	org.springframework.boot.loader.jar.JarFileEntries$EntryIterator
<org.springframework.boot.loader.jar.JarFileEntries: java.io.InputStream getInputStream(org.springframework.boot.loader.jar.FileHeader)>/new org.springframework.boot.loader.jar.ZipInflaterInputStream/0	org.springframework.boot.loader.jar.ZipInflaterInputStream
<org.springframework.boot.loader.jar.JarFileEntries: org.springframework.boot.loader.jar.FileHeader getEntry(int,java.lang.Class,boolean)>/new org.springframework.boot.loader.jar.JarEntry/0	org.springframework.boot.loader.jar.JarEntry
<org.springframework.boot.loader.jar.JarFileEntries: org.springframework.boot.loader.jar.FileHeader getEntry(int,java.lang.Class,boolean)>/new java.lang.IllegalStateException/0	java.lang.IllegalStateException
<org.springframework.boot.loader.jar.JarURLConnection$JarEntryName: org.springframework.boot.loader.jar.StringSequence decode(org.springframework.boot.loader.jar.StringSequence)>/new java.io.ByteArrayOutputStream/0	java.io.ByteArrayOutputStream
<org.springframework.boot.loader.jar.JarURLConnection$JarEntryName: org.springframework.boot.loader.jar.StringSequence decode(org.springframework.boot.loader.jar.StringSequence)>/new org.springframework.boot.loader.jar.StringSequence/0	org.springframework.boot.loader.jar.StringSequence
<org.springframework.boot.loader.jar.JarURLConnection$JarEntryName: void write(java.lang.String,java.io.ByteArrayOutputStream)>/new java.lang.IllegalStateException/0	java.lang.IllegalStateException
<org.springframework.boot.loader.jar.JarURLConnection$JarEntryName: void write(java.lang.String,java.io.ByteArrayOutputStream)>/new java.lang.IllegalArgumentException/0	java.lang.IllegalArgumentException
<org.springframework.boot.loader.jar.JarURLConnection$JarEntryName: void write(java.lang.String,java.io.ByteArrayOutputStream)>/new java.lang.StringBuilder/0	java.lang.StringBuilder
<org.springframework.boot.loader.jar.JarURLConnection$JarEntryName: char decodeEscapeSequence(java.lang.String,int)>/new java.lang.IllegalArgumentException/0	java.lang.IllegalArgumentException
<org.springframework.boot.loader.jar.JarURLConnection$JarEntryName: char decodeEscapeSequence(java.lang.String,int)>/new java.lang.StringBuilder/0	java.lang.StringBuilder
<org.springframework.boot.loader.jar.JarURLConnection$JarEntryName: org.springframework.boot.loader.jar.JarURLConnection$JarEntryName get(org.springframework.boot.loader.jar.StringSequence,int)>/new org.springframework.boot.loader.jar.JarURLConnection$JarEntryName/0	org.springframework.boot.loader.jar.JarURLConnection$JarEntryName
<org.springframework.boot.loader.data.RandomAccessDataFile: void <init>(java.io.File)>/new java.lang.IllegalArgumentException/0	java.lang.IllegalArgumentException
<org.springframework.boot.loader.data.RandomAccessDataFile: void <init>(java.io.File)>/new org.springframework.boot.loader.data.RandomAccessDataFile$FileAccess/0	org.springframework.boot.loader.data.RandomAccessDataFile$FileAccess
<org.springframework.boot.loader.data.RandomAccessDataFile: java.io.InputStream getInputStream()>/new org.springframework.boot.loader.data.RandomAccessDataFile$DataInputStream/0	org.springframework.boot.loader.data.RandomAccessDataFile$DataInputStream
<org.springframework.boot.loader.data.RandomAccessDataFile: org.springframework.boot.loader.data.RandomAccessData getSubsection(long,long)>/new java.lang.IndexOutOfBoundsException/0	java.lang.IndexOutOfBoundsException
<org.springframework.boot.loader.data.RandomAccessDataFile: org.springframework.boot.loader.data.RandomAccessData getSubsection(long,long)>/new org.springframework.boot.loader.data.RandomAccessDataFile/0	org.springframework.boot.loader.data.RandomAccessDataFile
<org.springframework.boot.loader.data.RandomAccessDataFile: byte[] read(long,long)>/new java.lang.IndexOutOfBoundsException/0	java.lang.IndexOutOfBoundsException
<org.springframework.boot.loader.data.RandomAccessDataFile: byte[] read(long,long)>/new java.io.EOFException/0	java.io.EOFException
<org.springframework.boot.loader.data.RandomAccessDataFile: byte[] read(long,long)>/new byte[]/0	byte[]
<org.springframework.boot.loader.jar.CentralDirectoryParser: void <init>()>/new java.util.ArrayList/0	java.util.ArrayList
<org.springframework.boot.loader.jar.CentralDirectoryParser: org.springframework.boot.loader.data.RandomAccessData parse(org.springframework.boot.loader.data.RandomAccessData,boolean)>/new org.springframework.boot.loader.jar.CentralDirectoryEndRecord/0	org.springframework.boot.loader.jar.CentralDirectoryEndRecord
<org.springframework.boot.loader.jar.CentralDirectoryParser: void parseEntries(org.springframework.boot.loader.jar.CentralDirectoryEndRecord,org.springframework.boot.loader.data.RandomAccessData)>/new org.springframework.boot.loader.jar.CentralDirectoryFileHeader/0	org.springframework.boot.loader.jar.CentralDirectoryFileHeader
<org.springframework.boot.loader.archive.ExplodedArchive: void <init>(java.io.File,boolean)>/new java.lang.IllegalArgumentException/0	java.lang.IllegalArgumentException
<org.springframework.boot.loader.archive.ExplodedArchive: void <init>(java.io.File,boolean)>/new java.lang.StringBuilder/0	java.lang.StringBuilder
<org.springframework.boot.loader.archive.ExplodedArchive: java.io.File getManifestFile(java.io.File)>/new java.io.File/0	java.io.File
<org.springframework.boot.loader.archive.ExplodedArchive: java.io.File getManifestFile(java.io.File)>/new java.io.File/1	java.io.File
<org.springframework.boot.loader.archive.ExplodedArchive: java.util.jar.Manifest getManifest()>/new java.io.FileInputStream/0	java.io.FileInputStream
<org.springframework.boot.loader.archive.ExplodedArchive: java.util.jar.Manifest getManifest()>/new java.util.jar.Manifest/0	java.util.jar.Manifest
<org.springframework.boot.loader.archive.ExplodedArchive: java.util.List getNestedArchives(org.springframework.boot.loader.archive.Archive$EntryFilter)>/new java.util.ArrayList/0	java.util.ArrayList
<org.springframework.boot.loader.archive.ExplodedArchive: java.util.Iterator iterator()>/new org.springframework.boot.loader.archive.ExplodedArchive$FileEntryIterator/0	org.springframework.boot.loader.archive.ExplodedArchive$FileEntryIterator
<org.springframework.boot.loader.archive.ExplodedArchive: org.springframework.boot.loader.archive.Archive getNestedArchive(org.springframework.boot.loader.archive.Archive$Entry)>/new org.springframework.boot.loader.archive.ExplodedArchive/0	org.springframework.boot.loader.archive.ExplodedArchive
<org.springframework.boot.loader.archive.ExplodedArchive: org.springframework.boot.loader.archive.Archive getNestedArchive(org.springframework.boot.loader.archive.Archive$Entry)>/new org.springframework.boot.loader.archive.JarFileArchive/0	org.springframework.boot.loader.archive.JarFileArchive
<org.springframework.boot.loader.archive.ExplodedArchive: void <clinit>()>/new java.util.HashSet/0	java.util.HashSet
<org.springframework.boot.loader.archive.ExplodedArchive: void <clinit>()>/new java.lang.String[]/0	java.lang.String[]
<org.springframework.boot.loader.jar.CentralDirectoryFileHeader: void load(byte[],int,org.springframework.boot.loader.data.RandomAccessData,int,org.springframework.boot.loader.jar.JarEntryFilter)>/new org.springframework.boot.loader.jar.AsciiBytes/0	org.springframework.boot.loader.jar.AsciiBytes
<org.springframework.boot.loader.jar.CentralDirectoryFileHeader: void load(byte[],int,org.springframework.boot.loader.data.RandomAccessData,int,org.springframework.boot.loader.jar.JarEntryFilter)>/new byte[]/0	byte[]
<org.springframework.boot.loader.jar.CentralDirectoryFileHeader: void load(byte[],int,org.springframework.boot.loader.data.RandomAccessData,int,org.springframework.boot.loader.jar.JarEntryFilter)>/new org.springframework.boot.loader.jar.AsciiBytes/1	org.springframework.boot.loader.jar.AsciiBytes
<org.springframework.boot.loader.jar.CentralDirectoryFileHeader: org.springframework.boot.loader.jar.CentralDirectoryFileHeader clone()>/new byte[]/0	byte[]
<org.springframework.boot.loader.jar.CentralDirectoryFileHeader: org.springframework.boot.loader.jar.CentralDirectoryFileHeader clone()>/new org.springframework.boot.loader.jar.CentralDirectoryFileHeader/0	org.springframework.boot.loader.jar.CentralDirectoryFileHeader
<org.springframework.boot.loader.jar.CentralDirectoryFileHeader: org.springframework.boot.loader.jar.CentralDirectoryFileHeader fromRandomAccessData(org.springframework.boot.loader.data.RandomAccessData,int,org.springframework.boot.loader.jar.JarEntryFilter)>/new org.springframework.boot.loader.jar.CentralDirectoryFileHeader/0	org.springframework.boot.loader.jar.CentralDirectoryFileHeader
<org.springframework.boot.loader.jar.CentralDirectoryFileHeader: void <clinit>()>/new org.springframework.boot.loader.jar.AsciiBytes/0	org.springframework.boot.loader.jar.AsciiBytes
<org.springframework.boot.loader.jar.CentralDirectoryFileHeader: void <clinit>()>/new byte[]/0	byte[]
<org.springframework.boot.loader.jar.CentralDirectoryFileHeader: void <clinit>()>/new org.springframework.boot.loader.jar.AsciiBytes/1	org.springframework.boot.loader.jar.AsciiBytes
<org.springframework.boot.loader.archive.JarFileArchive: void <init>(java.io.File,java.net.URL)>/new org.springframework.boot.loader.jar.JarFile/0	org.springframework.boot.loader.jar.JarFile
<org.springframework.boot.loader.archive.JarFileArchive: java.util.List getNestedArchives(org.springframework.boot.loader.archive.Archive$EntryFilter)>/new java.util.ArrayList/0	java.util.ArrayList
<org.springframework.boot.loader.archive.JarFileArchive: java.util.Iterator iterator()>/new org.springframework.boot.loader.archive.JarFileArchive$EntryIterator/0	org.springframework.boot.loader.archive.JarFileArchive$EntryIterator
<org.springframework.boot.loader.archive.JarFileArchive: org.springframework.boot.loader.archive.Archive getNestedArchive(org.springframework.boot.loader.archive.Archive$Entry)>/new org.springframework.boot.loader.archive.JarFileArchive/0	org.springframework.boot.loader.archive.JarFileArchive
<org.springframework.boot.loader.archive.JarFileArchive: org.springframework.boot.loader.archive.Archive getNestedArchive(org.springframework.boot.loader.archive.Archive$Entry)>/new java.lang.IllegalStateException/0	java.lang.IllegalStateException
<org.springframework.boot.loader.archive.JarFileArchive: org.springframework.boot.loader.archive.Archive getNestedArchive(org.springframework.boot.loader.archive.Archive$Entry)>/new java.lang.StringBuilder/0	java.lang.StringBuilder
<org.springframework.boot.loader.archive.JarFileArchive: org.springframework.boot.loader.archive.Archive getUnpackedNestedArchive(java.util.jar.JarEntry)>/new java.io.File/0	java.io.File
<org.springframework.boot.loader.archive.JarFileArchive: org.springframework.boot.loader.archive.Archive getUnpackedNestedArchive(java.util.jar.JarEntry)>/new org.springframework.boot.loader.archive.JarFileArchive/0	org.springframework.boot.loader.archive.JarFileArchive
<org.springframework.boot.loader.archive.JarFileArchive: java.io.File getTempUnpackFolder()>/new java.io.File/0	java.io.File
<org.springframework.boot.loader.archive.JarFileArchive: java.io.File createUnpackFolder(java.io.File)>/new java.io.File/0	java.io.File
<org.springframework.boot.loader.archive.JarFileArchive: java.io.File createUnpackFolder(java.io.File)>/new java.io.File/1	java.io.File
<org.springframework.boot.loader.archive.JarFileArchive: java.io.File createUnpackFolder(java.io.File)>/new java.lang.StringBuilder/0	java.lang.StringBuilder
<org.springframework.boot.loader.archive.JarFileArchive: java.io.File createUnpackFolder(java.io.File)>/new java.lang.IllegalStateException/0	java.lang.IllegalStateException
<org.springframework.boot.loader.archive.JarFileArchive: java.io.File createUnpackFolder(java.io.File)>/new java.lang.StringBuilder/1	java.lang.StringBuilder
<org.springframework.boot.loader.archive.JarFileArchive: void unpack(java.util.jar.JarEntry,java.io.File)>/new java.io.FileOutputStream/0	java.io.FileOutputStream
<org.springframework.boot.loader.archive.JarFileArchive: void unpack(java.util.jar.JarEntry,java.io.File)>/new byte[]/0	byte[]
<org.springframework.boot.loader.LaunchedURLClassLoader: java.util.Enumeration findResources(java.lang.String)>/new org.springframework.boot.loader.LaunchedURLClassLoader$UseFastConnectionExceptionsEnumeration/0	org.springframework.boot.loader.LaunchedURLClassLoader$UseFastConnectionExceptionsEnumeration
<org.springframework.boot.loader.LaunchedURLClassLoader: java.lang.Class loadClass(java.lang.String,boolean)>/new java.lang.AssertionError/0	java.lang.AssertionError
<org.springframework.boot.loader.LaunchedURLClassLoader: java.lang.Class loadClass(java.lang.String,boolean)>/new java.lang.StringBuilder/0	java.lang.StringBuilder
<org.springframework.boot.loader.LaunchedURLClassLoader: void definePackageIfNecessary(java.lang.String)>/new java.lang.AssertionError/0	java.lang.AssertionError
<org.springframework.boot.loader.LaunchedURLClassLoader: void definePackageIfNecessary(java.lang.String)>/new java.lang.StringBuilder/0	java.lang.StringBuilder
<org.springframework.boot.loader.LaunchedURLClassLoader: java.lang.Object lambda$definePackage$0(java.lang.String,java.lang.String)>/new java.lang.StringBuilder/0	java.lang.StringBuilder
<org.springframework.boot.loader.LaunchedURLClassLoader: java.lang.Object lambda$definePackage$0(java.lang.String,java.lang.String)>/new java.lang.StringBuilder/1	java.lang.StringBuilder
<org.springframework.boot.loader.jar.AsciiBytes: void <init>(byte[],int,int)>/new java.lang.IndexOutOfBoundsException/0	java.lang.IndexOutOfBoundsException
<org.springframework.boot.loader.jar.AsciiBytes: org.springframework.boot.loader.jar.AsciiBytes substring(int,int)>/new java.lang.IndexOutOfBoundsException/0	java.lang.IndexOutOfBoundsException
<org.springframework.boot.loader.jar.AsciiBytes: org.springframework.boot.loader.jar.AsciiBytes substring(int,int)>/new org.springframework.boot.loader.jar.AsciiBytes/0	org.springframework.boot.loader.jar.AsciiBytes
<org.springframework.boot.loader.jar.AsciiBytes: java.lang.String toString()>/new java.lang.String/0	java.lang.String
<org.springframework.boot.loader.jar.AsciiBytes: java.lang.String toString(byte[])>/new java.lang.String/0	java.lang.String
<org.springframework.boot.loader.jar.AsciiBytes: void <clinit>()>/new int[]/0	int[]
<org.springframework.boot.loader.data.RandomAccessDataFile$FileAccess: void <init>(java.io.File)>/new java.lang.Object/0	java.lang.Object
<org.springframework.boot.loader.data.RandomAccessDataFile$FileAccess: void openIfNecessary()>/new java.io.RandomAccessFile/0	java.io.RandomAccessFile
<org.springframework.boot.loader.data.RandomAccessDataFile$FileAccess: void openIfNecessary()>/new java.lang.IllegalArgumentException/0	java.lang.IllegalArgumentException
<org.springframework.boot.loader.data.RandomAccessDataFile$FileAccess: void openIfNecessary()>/new java.lang.Object[]/0	java.lang.Object[]
<org.springframework.boot.loader.jar.JarFile: void <init>(java.io.File)>/new org.springframework.boot.loader.data.RandomAccessDataFile/0	org.springframework.boot.loader.data.RandomAccessDataFile
<org.springframework.boot.loader.jar.JarFile: void <init>(org.springframework.boot.loader.data.RandomAccessDataFile,java.lang.String,org.springframework.boot.loader.data.RandomAccessData,org.springframework.boot.loader.jar.JarEntryFilter,org.springframework.boot.loader.jar.JarFile$JarFileType,java.util.function.Supplier)>/new org.springframework.boot.loader.jar.CentralDirectoryParser/0	org.springframework.boot.loader.jar.CentralDirectoryParser
<org.springframework.boot.loader.jar.JarFile: void <init>(org.springframework.boot.loader.data.RandomAccessDataFile,java.lang.String,org.springframework.boot.loader.data.RandomAccessData,org.springframework.boot.loader.jar.JarEntryFilter,org.springframework.boot.loader.jar.JarFile$JarFileType,java.util.function.Supplier)>/new org.springframework.boot.loader.jar.JarFileEntries/0	org.springframework.boot.loader.jar.JarFileEntries
<org.springframework.boot.loader.jar.JarFile: org.springframework.boot.loader.jar.CentralDirectoryVisitor centralDirectoryVisitor()>/new org.springframework.boot.loader.jar.JarFile$1/0	org.springframework.boot.loader.jar.JarFile$1
<org.springframework.boot.loader.jar.JarFile: java.util.jar.Manifest getManifest()>/new java.io.IOException/0	java.io.IOException
<org.springframework.boot.loader.jar.JarFile: java.util.jar.Manifest getManifest()>/new java.lang.ref.SoftReference/0	java.lang.ref.SoftReference
<org.springframework.boot.loader.jar.JarFile: java.util.Enumeration entries()>/new org.springframework.boot.loader.jar.JarFile$2/0	org.springframework.boot.loader.jar.JarFile$2
<org.springframework.boot.loader.jar.JarFile: org.springframework.boot.loader.jar.JarFile getNestedJarFile(org.springframework.boot.loader.jar.JarEntry)>/new java.io.IOException/0	java.io.IOException
<org.springframework.boot.loader.jar.JarFile: org.springframework.boot.loader.jar.JarFile getNestedJarFile(org.springframework.boot.loader.jar.JarEntry)>/new java.lang.StringBuilder/0	java.lang.StringBuilder
<org.springframework.boot.loader.jar.JarFile: org.springframework.boot.loader.jar.JarFile createJarFileFromDirectoryEntry(org.springframework.boot.loader.jar.JarEntry)>/new org.springframework.boot.loader.jar.JarFile/0	org.springframework.boot.loader.jar.JarFile
<org.springframework.boot.loader.jar.JarFile: org.springframework.boot.loader.jar.JarFile createJarFileFromDirectoryEntry(org.springframework.boot.loader.jar.JarEntry)>/new java.lang.StringBuilder/0	java.lang.StringBuilder
<org.springframework.boot.loader.jar.JarFile: org.springframework.boot.loader.jar.JarFile createJarFileFromFileEntry(org.springframework.boot.loader.jar.JarEntry)>/new java.lang.IllegalStateException/0	java.lang.IllegalStateException
<org.springframework.boot.loader.jar.JarFile: org.springframework.boot.loader.jar.JarFile createJarFileFromFileEntry(org.springframework.boot.loader.jar.JarEntry)>/new java.lang.StringBuilder/0	java.lang.StringBuilder
<org.springframework.boot.loader.jar.JarFile: org.springframework.boot.loader.jar.JarFile createJarFileFromFileEntry(org.springframework.boot.loader.jar.JarEntry)>/new org.springframework.boot.loader.jar.JarFile/0	org.springframework.boot.loader.jar.JarFile
<org.springframework.boot.loader.jar.JarFile: org.springframework.boot.loader.jar.JarFile createJarFileFromFileEntry(org.springframework.boot.loader.jar.JarEntry)>/new java.lang.StringBuilder/1	java.lang.StringBuilder
<org.springframework.boot.loader.jar.JarFile: java.net.URL getUrl()>/new org.springframework.boot.loader.jar.Handler/0	org.springframework.boot.loader.jar.Handler
<org.springframework.boot.loader.jar.JarFile: java.net.URL getUrl()>/new java.lang.StringBuilder/0	java.lang.StringBuilder
<org.springframework.boot.loader.jar.JarFile: java.net.URL getUrl()>/new java.net.URL/0	java.net.URL
<org.springframework.boot.loader.jar.JarFile: java.lang.String getName()>/new java.lang.StringBuilder/0	java.lang.StringBuilder
<org.springframework.boot.loader.jar.JarFile: void setupEntryCertificates(org.springframework.boot.loader.jar.JarEntry)>/new java.util.jar.JarInputStream/0	java.util.jar.JarInputStream
<org.springframework.boot.loader.jar.JarFile: void setupEntryCertificates(org.springframework.boot.loader.jar.JarEntry)>/new java.lang.IllegalStateException/0	java.lang.IllegalStateException
<org.springframework.boot.loader.jar.JarFile: void registerUrlProtocolHandler()>/new java.lang.StringBuilder/0	java.lang.StringBuilder
<org.springframework.boot.loader.jar.JarFile: java.util.jar.Manifest lambda$new$0()>/new java.lang.NullPointerException/0	java.lang.NullPointerException
<org.springframework.boot.loader.jar.JarFile: java.util.jar.Manifest lambda$new$0()>/new java.util.jar.Manifest/0	java.util.jar.Manifest
<org.springframework.boot.loader.jar.JarFile: java.util.jar.Manifest lambda$new$0()>/new java.lang.NullPointerException/1	java.lang.NullPointerException
<org.springframework.boot.loader.jar.JarFile: java.util.jar.Manifest lambda$new$0()>/new java.lang.RuntimeException/0	java.lang.RuntimeException
<org.springframework.boot.loader.jar.JarFile: void <clinit>()>/new org.springframework.boot.loader.jar.AsciiBytes/0	org.springframework.boot.loader.jar.AsciiBytes
<org.springframework.boot.loader.jar.JarFile: void <clinit>()>/new org.springframework.boot.loader.jar.AsciiBytes/1	org.springframework.boot.loader.jar.AsciiBytes
<org.springframework.boot.loader.ExecutableArchiveLauncher: void <init>()>/new java.lang.IllegalStateException/0	java.lang.IllegalStateException
<org.springframework.boot.loader.ExecutableArchiveLauncher: java.lang.String getMainClass()>/new java.lang.IllegalStateException/0	java.lang.IllegalStateException
<org.springframework.boot.loader.ExecutableArchiveLauncher: java.lang.String getMainClass()>/new java.lang.StringBuilder/0	java.lang.StringBuilder
<org.springframework.boot.loader.ExecutableArchiveLauncher: java.util.List getClassPathArchives()>/new java.util.ArrayList/0	java.util.ArrayList
<org.springframework.boot.loader.jar.JarEntry: java.net.URL getUrl()>/new java.net.URL/0	java.net.URL
<org.springframework.boot.loader.PropertiesLauncher: void <init>()>/new java.util.ArrayList/0	java.util.ArrayList
<org.springframework.boot.loader.PropertiesLauncher: void <init>()>/new java.util.Properties/0	java.util.Properties
<org.springframework.boot.loader.PropertiesLauncher: void <init>()>/new java.lang.IllegalStateException/0	java.lang.IllegalStateException
<org.springframework.boot.loader.PropertiesLauncher: java.io.File getHomeDirectory()>/new java.io.File/0	java.io.File
<org.springframework.boot.loader.PropertiesLauncher: java.io.File getHomeDirectory()>/new java.lang.IllegalStateException/0	java.lang.IllegalStateException
<org.springframework.boot.loader.PropertiesLauncher: void initializeProperties()>/new java.util.ArrayList/0	java.util.ArrayList
<org.springframework.boot.loader.PropertiesLauncher: void initializeProperties()>/new java.lang.StringBuilder/0	java.lang.StringBuilder
<org.springframework.boot.loader.PropertiesLauncher: void initializeProperties()>/new java.lang.StringBuilder/1	java.lang.StringBuilder
<org.springframework.boot.loader.PropertiesLauncher: void initializeProperties()>/new java.lang.StringBuilder/2	java.lang.StringBuilder
<org.springframework.boot.loader.PropertiesLauncher: void initializeProperties()>/new java.lang.StringBuilder/3	java.lang.StringBuilder
<org.springframework.boot.loader.PropertiesLauncher: void initializeProperties()>/new java.lang.NullPointerException/0	java.lang.NullPointerException
<org.springframework.boot.loader.PropertiesLauncher: void initializeProperties()>/new java.lang.StringBuilder/4	java.lang.StringBuilder
<org.springframework.boot.loader.PropertiesLauncher: void initializeProperties()>/new java.lang.NullPointerException/1	java.lang.NullPointerException
<org.springframework.boot.loader.PropertiesLauncher: java.io.InputStream getClasspathResource(java.lang.String)>/new java.lang.StringBuilder/0	java.lang.StringBuilder
<org.springframework.boot.loader.PropertiesLauncher: java.io.InputStream getClasspathResource(java.lang.String)>/new java.lang.StringBuilder/1	java.lang.StringBuilder
<org.springframework.boot.loader.PropertiesLauncher: java.io.InputStream getFileResource(java.lang.String)>/new java.io.File/0	java.io.File
<org.springframework.boot.loader.PropertiesLauncher: java.io.InputStream getFileResource(java.lang.String)>/new java.lang.StringBuilder/0	java.lang.StringBuilder
<org.springframework.boot.loader.PropertiesLauncher: java.io.InputStream getFileResource(java.lang.String)>/new java.io.FileInputStream/0	java.io.FileInputStream
<org.springframework.boot.loader.PropertiesLauncher: java.io.InputStream getURLResource(java.lang.String)>/new java.net.URL/0	java.net.URL
<org.springframework.boot.loader.PropertiesLauncher: void initializePaths()>/new java.lang.StringBuilder/0	java.lang.StringBuilder
<org.springframework.boot.loader.PropertiesLauncher: java.util.List parsePathsProperty(java.lang.String)>/new java.util.ArrayList/0	java.util.ArrayList
<org.springframework.boot.loader.PropertiesLauncher: java.lang.String[] getArgs(java.lang.String[])>/new java.lang.String[]/0	java.lang.String[]
<org.springframework.boot.loader.PropertiesLauncher: java.lang.String getMainClass()>/new java.lang.IllegalStateException/0	java.lang.IllegalStateException
<org.springframework.boot.loader.PropertiesLauncher: java.lang.ClassLoader createClassLoader(java.util.List)>/new java.util.LinkedHashSet/0	java.util.LinkedHashSet
<org.springframework.boot.loader.PropertiesLauncher: java.lang.ClassLoader createClassLoader(java.util.List)>/new org.springframework.boot.loader.LaunchedURLClassLoader/0	org.springframework.boot.loader.LaunchedURLClassLoader
<org.springframework.boot.loader.PropertiesLauncher: java.lang.ClassLoader createClassLoader(java.util.List)>/new java.net.URL[]/0	java.net.URL[]
<org.springframework.boot.loader.PropertiesLauncher: java.lang.ClassLoader createClassLoader(java.util.List)>/new java.lang.StringBuilder/0	java.lang.StringBuilder
<org.springframework.boot.loader.PropertiesLauncher: java.lang.ClassLoader createClassLoader(java.util.List)>/new java.lang.StringBuilder/1	java.lang.StringBuilder
<org.springframework.boot.loader.PropertiesLauncher: java.lang.ClassLoader wrapWithCustomClassLoader(java.lang.ClassLoader,java.lang.String)>/new java.lang.Class[]/0	java.lang.Class[]
<org.springframework.boot.loader.PropertiesLauncher: java.lang.ClassLoader wrapWithCustomClassLoader(java.lang.ClassLoader,java.lang.String)>/new java.lang.Object[]/0	java.lang.Object[]
<org.springframework.boot.loader.PropertiesLauncher: java.lang.ClassLoader wrapWithCustomClassLoader(java.lang.ClassLoader,java.lang.String)>/new java.lang.Class[]/1	java.lang.Class[]
<org.springframework.boot.loader.PropertiesLauncher: java.lang.ClassLoader wrapWithCustomClassLoader(java.lang.ClassLoader,java.lang.String)>/new java.lang.Object[]/1	java.lang.Object[]
<org.springframework.boot.loader.PropertiesLauncher: java.lang.ClassLoader wrapWithCustomClassLoader(java.lang.ClassLoader,java.lang.String)>/new java.net.URL[]/0	java.net.URL[]
<org.springframework.boot.loader.PropertiesLauncher: java.lang.String getProperty(java.lang.String,java.lang.String,java.lang.String)>/new java.lang.StringBuilder/0	java.lang.StringBuilder
<org.springframework.boot.loader.PropertiesLauncher: java.lang.String getProperty(java.lang.String,java.lang.String,java.lang.String)>/new java.lang.StringBuilder/1	java.lang.StringBuilder
<org.springframework.boot.loader.PropertiesLauncher: java.lang.String getProperty(java.lang.String,java.lang.String,java.lang.String)>/new org.springframework.boot.loader.archive.ExplodedArchive/0	org.springframework.boot.loader.archive.ExplodedArchive
<org.springframework.boot.loader.PropertiesLauncher: java.lang.String getProperty(java.lang.String,java.lang.String,java.lang.String)>/new java.lang.StringBuilder/2	java.lang.StringBuilder
<org.springframework.boot.loader.PropertiesLauncher: java.lang.String getProperty(java.lang.String,java.lang.String,java.lang.String)>/new java.lang.StringBuilder/3	java.lang.StringBuilder
<org.springframework.boot.loader.PropertiesLauncher: java.util.List getClassPathArchives()>/new java.util.ArrayList/0	java.util.ArrayList
<org.springframework.boot.loader.PropertiesLauncher: java.util.List getClassPathArchives()>/new java.util.ArrayList/1	java.util.ArrayList
<org.springframework.boot.loader.PropertiesLauncher: java.util.List getClassPathArchives()>/new org.springframework.boot.loader.PropertiesLauncher$ArchiveEntryFilter/0	org.springframework.boot.loader.PropertiesLauncher$ArchiveEntryFilter
<org.springframework.boot.loader.PropertiesLauncher: java.util.List getClassPathArchives(java.lang.String)>/new java.util.ArrayList/0	java.util.ArrayList
<org.springframework.boot.loader.PropertiesLauncher: java.util.List getClassPathArchives(java.lang.String)>/new java.io.File/0	java.io.File
<org.springframework.boot.loader.PropertiesLauncher: java.util.List getClassPathArchives(java.lang.String)>/new java.io.File/1	java.io.File
<org.springframework.boot.loader.PropertiesLauncher: java.util.List getClassPathArchives(java.lang.String)>/new java.lang.StringBuilder/0	java.lang.StringBuilder
<org.springframework.boot.loader.PropertiesLauncher: java.util.List getClassPathArchives(java.lang.String)>/new org.springframework.boot.loader.archive.ExplodedArchive/0	org.springframework.boot.loader.archive.ExplodedArchive
<org.springframework.boot.loader.PropertiesLauncher: java.util.List getClassPathArchives(java.lang.String)>/new java.lang.StringBuilder/1	java.lang.StringBuilder
<org.springframework.boot.loader.PropertiesLauncher: java.util.List getClassPathArchives(java.lang.String)>/new java.lang.StringBuilder/2	java.lang.StringBuilder
<org.springframework.boot.loader.PropertiesLauncher: org.springframework.boot.loader.archive.Archive getArchive(java.io.File)>/new org.springframework.boot.loader.archive.JarFileArchive/0	org.springframework.boot.loader.archive.JarFileArchive
<org.springframework.boot.loader.PropertiesLauncher: java.util.List getNestedArchives(java.lang.String)>/new java.io.File/0	java.io.File
<org.springframework.boot.loader.PropertiesLauncher: java.util.List getNestedArchives(java.lang.String)>/new java.io.File/1	java.io.File
<org.springframework.boot.loader.PropertiesLauncher: java.util.List getNestedArchives(java.lang.String)>/new org.springframework.boot.loader.archive.JarFileArchive/0	org.springframework.boot.loader.archive.JarFileArchive
<org.springframework.boot.loader.PropertiesLauncher: java.util.List getNestedArchives(java.lang.String)>/new java.io.File/2	java.io.File
<org.springframework.boot.loader.PropertiesLauncher: java.util.List getNestedArchives(java.lang.String)>/new org.springframework.boot.loader.archive.JarFileArchive/1	org.springframework.boot.loader.archive.JarFileArchive
<org.springframework.boot.loader.PropertiesLauncher: java.util.List getNestedArchives(java.lang.String)>/new org.springframework.boot.loader.PropertiesLauncher$PrefixMatchingArchiveFilter/0	org.springframework.boot.loader.PropertiesLauncher$PrefixMatchingArchiveFilter
<org.springframework.boot.loader.PropertiesLauncher: java.util.List getNestedArchives(java.lang.String)>/new java.util.ArrayList/0	java.util.ArrayList
<org.springframework.boot.loader.PropertiesLauncher: java.lang.String cleanupPath(java.lang.String)>/new java.lang.StringBuilder/0	java.lang.StringBuilder
<org.springframework.boot.loader.PropertiesLauncher: void main(java.lang.String[])>/new org.springframework.boot.loader.PropertiesLauncher/0	org.springframework.boot.loader.PropertiesLauncher
<org.springframework.boot.loader.PropertiesLauncher: java.lang.String toCamelCase(java.lang.CharSequence)>/new java.lang.StringBuilder/0	java.lang.StringBuilder
<org.springframework.boot.loader.PropertiesLauncher: java.lang.String capitalize(java.lang.String)>/new java.lang.StringBuilder/0	java.lang.StringBuilder
<org.springframework.boot.loader.PropertiesLauncher: void <clinit>()>/new java.lang.StringBuilder/0	java.lang.StringBuilder
<org.springframework.boot.loader.jar.CentralDirectoryEndRecord: void <init>(org.springframework.boot.loader.data.RandomAccessData)>/new java.io.IOException/0	java.io.IOException
<org.springframework.boot.loader.jar.CentralDirectoryEndRecord: void <init>(org.springframework.boot.loader.data.RandomAccessData)>/new java.lang.StringBuilder/0	java.lang.StringBuilder
<org.springframework.boot.loader.jar.CentralDirectoryEndRecord: int getNumberOfRecords()>/new java.lang.IllegalStateException/0	java.lang.IllegalStateException
<org.springframework.boot.loader.jar.JarFile$JarFileType: void <clinit>()>/new org.springframework.boot.loader.jar.JarFile$JarFileType/0	org.springframework.boot.loader.jar.JarFile$JarFileType
<org.springframework.boot.loader.jar.JarFile$JarFileType: void <clinit>()>/new org.springframework.boot.loader.jar.JarFile$JarFileType/1	org.springframework.boot.loader.jar.JarFile$JarFileType
<org.springframework.boot.loader.jar.JarFile$JarFileType: void <clinit>()>/new org.springframework.boot.loader.jar.JarFile$JarFileType/2	org.springframework.boot.loader.jar.JarFile$JarFileType
<org.springframework.boot.loader.jar.JarFile$JarFileType: void <clinit>()>/new org.springframework.boot.loader.jar.JarFile$JarFileType[]/0	org.springframework.boot.loader.jar.JarFile$JarFileType[]
<org.springframework.boot.loader.jar.JarURLConnection: java.net.URL buildJarFileUrl()>/new java.net.URL/0	java.net.URL
<org.springframework.boot.loader.jar.JarURLConnection: java.net.URL buildJarFileUrl()>/new java.net.URL/1	java.net.URL
<org.springframework.boot.loader.jar.JarURLConnection: java.net.URL buildJarFileUrl()>/new java.lang.StringBuilder/0	java.lang.StringBuilder
<org.springframework.boot.loader.jar.JarURLConnection: java.net.URL buildJarFileUrl()>/new java.lang.IllegalStateException/0	java.lang.IllegalStateException
<org.springframework.boot.loader.jar.JarURLConnection: java.io.InputStream getInputStream()>/new java.io.IOException/0	java.io.IOException
<org.springframework.boot.loader.jar.JarURLConnection: void throwFileNotFound(java.lang.Object,org.springframework.boot.loader.jar.JarFile)>/new java.io.FileNotFoundException/0	java.io.FileNotFoundException
<org.springframework.boot.loader.jar.JarURLConnection: void throwFileNotFound(java.lang.Object,org.springframework.boot.loader.jar.JarFile)>/new java.lang.StringBuilder/0	java.lang.StringBuilder
<org.springframework.boot.loader.jar.JarURLConnection: java.security.Permission getPermission()>/new java.io.FilePermission/0	java.io.FilePermission
<org.springframework.boot.loader.jar.JarURLConnection: org.springframework.boot.loader.jar.JarURLConnection get(java.net.URL,org.springframework.boot.loader.jar.JarFile)>/new org.springframework.boot.loader.jar.StringSequence/0	org.springframework.boot.loader.jar.StringSequence
<org.springframework.boot.loader.jar.JarURLConnection: org.springframework.boot.loader.jar.JarURLConnection get(java.net.URL,org.springframework.boot.loader.jar.JarFile)>/new org.springframework.boot.loader.jar.JarURLConnection/0	org.springframework.boot.loader.jar.JarURLConnection
<org.springframework.boot.loader.jar.JarURLConnection: org.springframework.boot.loader.jar.JarURLConnection notFound()>/new java.lang.IllegalStateException/0	java.lang.IllegalStateException
<org.springframework.boot.loader.jar.JarURLConnection: org.springframework.boot.loader.jar.JarURLConnection notFound(org.springframework.boot.loader.jar.JarFile,org.springframework.boot.loader.jar.JarURLConnection$JarEntryName)>/new org.springframework.boot.loader.jar.JarURLConnection/0	org.springframework.boot.loader.jar.JarURLConnection
<org.springframework.boot.loader.jar.JarURLConnection: void <clinit>()>/new java.lang.ThreadLocal/0	java.lang.ThreadLocal
<org.springframework.boot.loader.jar.JarURLConnection: void <clinit>()>/new java.io.FileNotFoundException/0	java.io.FileNotFoundException
<org.springframework.boot.loader.jar.JarURLConnection: void <clinit>()>/new java.lang.IllegalStateException/0	java.lang.IllegalStateException
<org.springframework.boot.loader.jar.JarURLConnection: void <clinit>()>/new java.net.URL/0	java.net.URL
<org.springframework.boot.loader.jar.JarURLConnection: void <clinit>()>/new org.springframework.boot.loader.jar.JarURLConnection$1/0	org.springframework.boot.loader.jar.JarURLConnection$1
<org.springframework.boot.loader.jar.JarURLConnection: void <clinit>()>/new java.lang.IllegalStateException/1	java.lang.IllegalStateException
<org.springframework.boot.loader.jar.JarURLConnection: void <clinit>()>/new org.springframework.boot.loader.jar.JarURLConnection$JarEntryName/0	org.springframework.boot.loader.jar.JarURLConnection$JarEntryName
<org.springframework.boot.loader.jar.JarURLConnection: void <clinit>()>/new org.springframework.boot.loader.jar.StringSequence/0	org.springframework.boot.loader.jar.StringSequence
<org.springframework.boot.loader.data.RandomAccessDataFile$DataInputStream: int read(byte[],int,int)>/new java.lang.NullPointerException/0	java.lang.NullPointerException
