<org.springframework.boot.loader.jar.Handler: java.net.URLConnection openConnection(java.net.URL)>/assign/9	17	<org.springframework.boot.loader.jar.Handler: java.net.URLConnection openConnection(java.net.URL)>
<org.springframework.boot.loader.jar.Handler: java.net.URLConnection openFallbackConnection(java.net.URL,java.lang.Exception)>/assign/5	7	<org.springframework.boot.loader.jar.Handler: java.net.URLConnection openFallbackConnection(java.net.URL,java.lang.Exception)>
<org.springframework.boot.loader.jar.Handler: void log(boolean,java.lang.String,java.lang.Exception)>/assign/8	16	<org.springframework.boot.loader.jar.Handler: void log(boolean,java.lang.String,java.lang.Exception)>
<org.springframework.boot.loader.jar.Handler: java.net.URLStreamHandler getFallbackHandler()>/assign/6	19	<org.springframework.boot.loader.jar.Handler: java.net.URLStreamHandler getFallbackHandler()>
<org.springframework.boot.loader.util.SystemPropertyUtils: java.lang.String getProperty(java.lang.String,java.lang.String,java.lang.String)>/assign/15	32	<org.springframework.boot.loader.util.SystemPropertyUtils: java.lang.String getProperty(java.lang.String,java.lang.String,java.lang.String)>
<org.springframework.boot.loader.jar.Handler: java.lang.String getFileFromSpec(java.lang.String)>/assign/11	24	<org.springframework.boot.loader.jar.Handler: java.lang.String getFileFromSpec(java.lang.String)>
<org.springframework.boot.loader.jar.Handler: int hashCode(java.lang.String,java.lang.String)>/assign/17	28	<org.springframework.boot.loader.jar.Handler: int hashCode(java.lang.String,java.lang.String)>
<org.springframework.boot.loader.jar.Handler: boolean sameFile(java.net.URL,java.net.URL)>/assign/33	56	<org.springframework.boot.loader.jar.Handler: boolean sameFile(java.net.URL,java.net.URL)>
<org.springframework.boot.loader.jar.Handler: org.springframework.boot.loader.jar.JarFile getRootJarFile(java.lang.String)>/assign/17	37	<org.springframework.boot.loader.jar.Handler: org.springframework.boot.loader.jar.JarFile getRootJarFile(java.lang.String)>
<org.springframework.boot.loader.jar.ZipInflaterInputStream: void fill()>/assign/1	4	<org.springframework.boot.loader.jar.ZipInflaterInputStream: void fill()>
<org.springframework.boot.loader.jar.Handler: void <clinit>()>/assign/6	16	<org.springframework.boot.loader.jar.Handler: void <clinit>()>
<org.springframework.boot.loader.jar.JarFileEntries: org.springframework.boot.loader.jar.FileHeader getEntry(int,java.lang.Class,boolean)>/assign/18	41	<org.springframework.boot.loader.jar.JarFileEntries: org.springframework.boot.loader.jar.FileHeader getEntry(int,java.lang.Class,boolean)>
<org.springframework.boot.loader.jar.JarURLConnection$JarEntryName: void write(java.lang.String,java.io.ByteArrayOutputStream)>/assign/10	20	<org.springframework.boot.loader.jar.JarURLConnection$JarEntryName: void write(java.lang.String,java.io.ByteArrayOutputStream)>
<org.springframework.boot.loader.archive.ExplodedArchive: java.util.jar.Manifest getManifest()>/assign/5	18	<org.springframework.boot.loader.archive.ExplodedArchive: java.util.jar.Manifest getManifest()>
<org.springframework.boot.loader.archive.ExplodedArchive: java.util.jar.Manifest getManifest()>/assign/6	24	<org.springframework.boot.loader.archive.ExplodedArchive: java.util.jar.Manifest getManifest()>
<org.springframework.boot.loader.archive.ExplodedArchive: java.util.jar.Manifest getManifest()>/assign/8	29	<org.springframework.boot.loader.archive.ExplodedArchive: java.util.jar.Manifest getManifest()>
<org.springframework.boot.loader.archive.ExplodedArchive: java.util.jar.Manifest getManifest()>/assign/10	38	<org.springframework.boot.loader.archive.ExplodedArchive: java.util.jar.Manifest getManifest()>
<org.springframework.boot.loader.archive.ExplodedArchive: java.lang.String toString()>/assign/3	5	<org.springframework.boot.loader.archive.ExplodedArchive: java.lang.String toString()>
<org.springframework.boot.loader.archive.JarFileArchive: org.springframework.boot.loader.archive.Archive getNestedArchive(org.springframework.boot.loader.archive.Archive$Entry)>/assign/8	16	<org.springframework.boot.loader.archive.JarFileArchive: org.springframework.boot.loader.archive.Archive getNestedArchive(org.springframework.boot.loader.archive.Archive$Entry)>
<org.springframework.boot.loader.archive.JarFileArchive: void unpack(java.util.jar.JarEntry,java.io.File)>/assign/9	23	<org.springframework.boot.loader.archive.JarFileArchive: void unpack(java.util.jar.JarEntry,java.io.File)>
<org.springframework.boot.loader.archive.JarFileArchive: void unpack(java.util.jar.JarEntry,java.io.File)>/assign/10	29	<org.springframework.boot.loader.archive.JarFileArchive: void unpack(java.util.jar.JarEntry,java.io.File)>
<org.springframework.boot.loader.archive.JarFileArchive: void unpack(java.util.jar.JarEntry,java.io.File)>/assign/12	34	<org.springframework.boot.loader.archive.JarFileArchive: void unpack(java.util.jar.JarEntry,java.io.File)>
<org.springframework.boot.loader.archive.JarFileArchive: void unpack(java.util.jar.JarEntry,java.io.File)>/assign/14	43	<org.springframework.boot.loader.archive.JarFileArchive: void unpack(java.util.jar.JarEntry,java.io.File)>
<org.springframework.boot.loader.archive.JarFileArchive: void unpack(java.util.jar.JarEntry,java.io.File)>/assign/15	54	<org.springframework.boot.loader.archive.JarFileArchive: void unpack(java.util.jar.JarEntry,java.io.File)>
<org.springframework.boot.loader.archive.JarFileArchive: void unpack(java.util.jar.JarEntry,java.io.File)>/assign/16	60	<org.springframework.boot.loader.archive.JarFileArchive: void unpack(java.util.jar.JarEntry,java.io.File)>
<org.springframework.boot.loader.archive.JarFileArchive: void unpack(java.util.jar.JarEntry,java.io.File)>/assign/19	67	<org.springframework.boot.loader.archive.JarFileArchive: void unpack(java.util.jar.JarEntry,java.io.File)>
<org.springframework.boot.loader.archive.JarFileArchive: void unpack(java.util.jar.JarEntry,java.io.File)>/assign/22	80	<org.springframework.boot.loader.archive.JarFileArchive: void unpack(java.util.jar.JarEntry,java.io.File)>
<org.springframework.boot.loader.archive.JarFileArchive: java.lang.String toString()>/assign/3	5	<org.springframework.boot.loader.archive.JarFileArchive: java.lang.String toString()>
<org.springframework.boot.loader.LaunchedURLClassLoader: java.net.URL findResource(java.lang.String)>/assign/3	9	<org.springframework.boot.loader.LaunchedURLClassLoader: java.net.URL findResource(java.lang.String)>
<org.springframework.boot.loader.LaunchedURLClassLoader: java.util.Enumeration findResources(java.lang.String)>/assign/4	11	<org.springframework.boot.loader.LaunchedURLClassLoader: java.util.Enumeration findResources(java.lang.String)>
<org.springframework.boot.loader.LaunchedURLClassLoader: java.lang.Class loadClass(java.lang.String,boolean)>/assign/3	8	<org.springframework.boot.loader.LaunchedURLClassLoader: java.lang.Class loadClass(java.lang.String,boolean)>
<org.springframework.boot.loader.LaunchedURLClassLoader: java.lang.Class loadClass(java.lang.String,boolean)>/assign/12	28	<org.springframework.boot.loader.LaunchedURLClassLoader: java.lang.Class loadClass(java.lang.String,boolean)>
<org.springframework.boot.loader.LaunchedURLClassLoader: void definePackageIfNecessary(java.lang.String)>/assign/5	12	<org.springframework.boot.loader.LaunchedURLClassLoader: void definePackageIfNecessary(java.lang.String)>
<org.springframework.boot.loader.LaunchedURLClassLoader: void definePackage(java.lang.String,java.lang.String)>/assign/5	11	<org.springframework.boot.loader.LaunchedURLClassLoader: void definePackage(java.lang.String,java.lang.String)>
<org.springframework.boot.loader.LaunchedURLClassLoader: void clearCache()>/assign/7	14	<org.springframework.boot.loader.LaunchedURLClassLoader: void clearCache()>
<org.springframework.boot.loader.LaunchedURLClassLoader: java.lang.Object lambda$definePackage$0(java.lang.String,java.lang.String)>/assign/24	45	<org.springframework.boot.loader.LaunchedURLClassLoader: java.lang.Object lambda$definePackage$0(java.lang.String,java.lang.String)>
<org.springframework.boot.loader.data.RandomAccessDataFile$FileAccess: int read(byte[],long,int,int)>/assign/6	15	<org.springframework.boot.loader.data.RandomAccessDataFile$FileAccess: int read(byte[],long,int,int)>
<org.springframework.boot.loader.data.RandomAccessDataFile$FileAccess: void openIfNecessary()>/assign/2	10	<org.springframework.boot.loader.data.RandomAccessDataFile$FileAccess: void openIfNecessary()>
<org.springframework.boot.loader.data.RandomAccessDataFile$FileAccess: void close()>/assign/1	12	<org.springframework.boot.loader.data.RandomAccessDataFile$FileAccess: void close()>
<org.springframework.boot.loader.data.RandomAccessDataFile$FileAccess: int readByte(long)>/assign/3	12	<org.springframework.boot.loader.data.RandomAccessDataFile$FileAccess: int readByte(long)>
<org.springframework.boot.loader.jar.JarFile: java.util.jar.Manifest getManifest()>/assign/6	17	<org.springframework.boot.loader.jar.JarFile: java.util.jar.Manifest getManifest()>
<org.springframework.boot.loader.jar.JarFile: org.springframework.boot.loader.jar.JarFile getNestedJarFile(org.springframework.boot.loader.jar.JarEntry)>/assign/3	5	<org.springframework.boot.loader.jar.JarFile: org.springframework.boot.loader.jar.JarFile getNestedJarFile(org.springframework.boot.loader.jar.JarEntry)>
<org.springframework.boot.loader.jar.JarFile: void setupEntryCertificates(org.springframework.boot.loader.jar.JarEntry)>/assign/14	27	<org.springframework.boot.loader.jar.JarFile: void setupEntryCertificates(org.springframework.boot.loader.jar.JarEntry)>
<org.springframework.boot.loader.jar.JarFile: void setupEntryCertificates(org.springframework.boot.loader.jar.JarEntry)>/assign/15	33	<org.springframework.boot.loader.jar.JarFile: void setupEntryCertificates(org.springframework.boot.loader.jar.JarEntry)>
<org.springframework.boot.loader.jar.JarFile: void setupEntryCertificates(org.springframework.boot.loader.jar.JarEntry)>/assign/18	41	<org.springframework.boot.loader.jar.JarFile: void setupEntryCertificates(org.springframework.boot.loader.jar.JarEntry)>
<org.springframework.boot.loader.jar.JarFile: void setupEntryCertificates(org.springframework.boot.loader.jar.JarEntry)>/assign/21	55	<org.springframework.boot.loader.jar.JarFile: void setupEntryCertificates(org.springframework.boot.loader.jar.JarEntry)>
<org.springframework.boot.loader.jar.JarFile: void setupEntryCertificates(org.springframework.boot.loader.jar.JarEntry)>/assign/22	63	<org.springframework.boot.loader.jar.JarFile: void setupEntryCertificates(org.springframework.boot.loader.jar.JarEntry)>
<org.springframework.boot.loader.jar.JarFile: void resetCachedUrlHandlers()>/assign/0	4	<org.springframework.boot.loader.jar.JarFile: void resetCachedUrlHandlers()>
<org.springframework.boot.loader.jar.JarFile: java.util.jar.Manifest lambda$new$0()>/assign/3	10	<org.springframework.boot.loader.jar.JarFile: java.util.jar.Manifest lambda$new$0()>
<org.springframework.boot.loader.jar.JarFile: java.util.jar.Manifest lambda$new$0()>/assign/6	26	<org.springframework.boot.loader.jar.JarFile: java.util.jar.Manifest lambda$new$0()>
<org.springframework.boot.loader.jar.JarFile: java.util.jar.Manifest lambda$new$0()>/assign/8	35	<org.springframework.boot.loader.jar.JarFile: java.util.jar.Manifest lambda$new$0()>
<org.springframework.boot.loader.jar.JarFile: java.util.jar.Manifest lambda$new$0()>/assign/10	40	<org.springframework.boot.loader.jar.JarFile: java.util.jar.Manifest lambda$new$0()>
<org.springframework.boot.loader.jar.JarFile: java.util.jar.Manifest lambda$new$0()>/assign/12	49	<org.springframework.boot.loader.jar.JarFile: java.util.jar.Manifest lambda$new$0()>
<org.springframework.boot.loader.jar.JarFile: java.util.jar.Manifest lambda$new$0()>/assign/13	56	<org.springframework.boot.loader.jar.JarFile: java.util.jar.Manifest lambda$new$0()>
<org.springframework.boot.loader.ExecutableArchiveLauncher: void <init>()>/assign/2	6	<org.springframework.boot.loader.ExecutableArchiveLauncher: void <init>()>
<org.springframework.boot.loader.PropertiesLauncher: void <init>()>/assign/5	16	<org.springframework.boot.loader.PropertiesLauncher: void <init>()>
<org.springframework.boot.loader.PropertiesLauncher: java.io.File getHomeDirectory()>/assign/3	8	<org.springframework.boot.loader.PropertiesLauncher: java.io.File getHomeDirectory()>
<org.springframework.boot.loader.PropertiesLauncher: void initializeProperties()>/assign/39	79	<org.springframework.boot.loader.PropertiesLauncher: void initializeProperties()>
<org.springframework.boot.loader.PropertiesLauncher: void initializeProperties()>/assign/45	99	<org.springframework.boot.loader.PropertiesLauncher: void initializeProperties()>
<org.springframework.boot.loader.PropertiesLauncher: void initializeProperties()>/assign/47	108	<org.springframework.boot.loader.PropertiesLauncher: void initializeProperties()>
<org.springframework.boot.loader.PropertiesLauncher: void initializeProperties()>/assign/49	113	<org.springframework.boot.loader.PropertiesLauncher: void initializeProperties()>
<org.springframework.boot.loader.PropertiesLauncher: void initializeProperties()>/assign/51	122	<org.springframework.boot.loader.PropertiesLauncher: void initializeProperties()>
<org.springframework.boot.loader.PropertiesLauncher: java.io.InputStream getURLResource(java.lang.String)>/assign/6	10	<org.springframework.boot.loader.PropertiesLauncher: java.io.InputStream getURLResource(java.lang.String)>
<org.springframework.boot.loader.PropertiesLauncher: boolean exists(java.net.URL)>/assign/16	42	<org.springframework.boot.loader.PropertiesLauncher: boolean exists(java.net.URL)>
<org.springframework.boot.loader.PropertiesLauncher: java.lang.ClassLoader wrapWithCustomClassLoader(java.lang.ClassLoader,java.lang.String)>/assign/8	15	<org.springframework.boot.loader.PropertiesLauncher: java.lang.ClassLoader wrapWithCustomClassLoader(java.lang.ClassLoader,java.lang.String)>
<org.springframework.boot.loader.PropertiesLauncher: java.lang.ClassLoader wrapWithCustomClassLoader(java.lang.ClassLoader,java.lang.String)>/assign/14	30	<org.springframework.boot.loader.PropertiesLauncher: java.lang.ClassLoader wrapWithCustomClassLoader(java.lang.ClassLoader,java.lang.String)>
<org.springframework.boot.loader.PropertiesLauncher: java.lang.String getProperty(java.lang.String,java.lang.String,java.lang.String)>/assign/36	73	<org.springframework.boot.loader.PropertiesLauncher: java.lang.String getProperty(java.lang.String,java.lang.String,java.lang.String)>
<org.springframework.boot.loader.PropertiesLauncher: void addNestedEntries(java.util.List)>/assign/4	11	<org.springframework.boot.loader.PropertiesLauncher: void addNestedEntries(java.util.List)>
<org.springframework.boot.loader.LaunchedURLClassLoader$UseFastConnectionExceptionsEnumeration: boolean hasMoreElements()>/assign/2	9	<org.springframework.boot.loader.LaunchedURLClassLoader$UseFastConnectionExceptionsEnumeration: boolean hasMoreElements()>
<org.springframework.boot.loader.LaunchedURLClassLoader$UseFastConnectionExceptionsEnumeration: java.net.URL nextElement()>/assign/2	10	<org.springframework.boot.loader.LaunchedURLClassLoader$UseFastConnectionExceptionsEnumeration: java.net.URL nextElement()>
<org.springframework.boot.loader.jar.JarURLConnection: java.net.URL buildJarFileUrl()>/assign/17	32	<org.springframework.boot.loader.jar.JarURLConnection: java.net.URL buildJarFileUrl()>
<org.springframework.boot.loader.jar.JarURLConnection: long getContentLengthLong()>/assign/5	21	<org.springframework.boot.loader.jar.JarURLConnection: long getContentLengthLong()>
<org.springframework.boot.loader.jar.JarURLConnection: long getLastModified()>/assign/6	17	<org.springframework.boot.loader.jar.JarURLConnection: long getLastModified()>
<org.springframework.boot.loader.jar.JarURLConnection: org.springframework.boot.loader.jar.JarURLConnection notFound()>/assign/1	5	<org.springframework.boot.loader.jar.JarURLConnection: org.springframework.boot.loader.jar.JarURLConnection notFound()>
<org.springframework.boot.loader.jar.JarURLConnection: void <clinit>()>/assign/5	22	<org.springframework.boot.loader.jar.JarURLConnection: void <clinit>()>
