<org.springframework.boot.loader.jar.CentralDirectoryEndRecord: void <init>(org.springframework.boot.loader.data.RandomAccessData)>/write-field-block/0	5	<org.springframework.boot.loader.jar.CentralDirectoryEndRecord: void <init>(org.springframework.boot.loader.data.RandomAccessData)>/$stack2	<org.springframework.boot.loader.jar.CentralDirectoryEndRecord: void <init>(org.springframework.boot.loader.data.RandomAccessData)>/this#_0	<org.springframework.boot.loader.jar.CentralDirectoryEndRecord: byte[] block>	<org.springframework.boot.loader.jar.CentralDirectoryEndRecord: void <init>(org.springframework.boot.loader.data.RandomAccessData)>
<org.springframework.boot.loader.jar.CentralDirectoryEndRecord: void <init>(org.springframework.boot.loader.data.RandomAccessData)>/write-field-size/0	6	<org.springframework.boot.loader.jar.CentralDirectoryEndRecord: void <init>(org.springframework.boot.loader.data.RandomAccessData)>/$numconstant1	<org.springframework.boot.loader.jar.CentralDirectoryEndRecord: void <init>(org.springframework.boot.loader.data.RandomAccessData)>/this#_0	<org.springframework.boot.loader.jar.CentralDirectoryEndRecord: int size>	<org.springframework.boot.loader.jar.CentralDirectoryEndRecord: void <init>(org.springframework.boot.loader.data.RandomAccessData)>
<org.springframework.boot.loader.jar.CentralDirectoryEndRecord: void <init>(org.springframework.boot.loader.data.RandomAccessData)>/write-field-offset/0	12	<org.springframework.boot.loader.jar.CentralDirectoryEndRecord: void <init>(org.springframework.boot.loader.data.RandomAccessData)>/$stack6	<org.springframework.boot.loader.jar.CentralDirectoryEndRecord: void <init>(org.springframework.boot.loader.data.RandomAccessData)>/this#_0	<org.springframework.boot.loader.jar.CentralDirectoryEndRecord: int offset>	<org.springframework.boot.loader.jar.CentralDirectoryEndRecord: void <init>(org.springframework.boot.loader.data.RandomAccessData)>
<org.springframework.boot.loader.jar.CentralDirectoryEndRecord: void <init>(org.springframework.boot.loader.data.RandomAccessData)>/write-field-size/1	17	<org.springframework.boot.loader.jar.CentralDirectoryEndRecord: void <init>(org.springframework.boot.loader.data.RandomAccessData)>/$stack9	<org.springframework.boot.loader.jar.CentralDirectoryEndRecord: void <init>(org.springframework.boot.loader.data.RandomAccessData)>/this#_0	<org.springframework.boot.loader.jar.CentralDirectoryEndRecord: int size>	<org.springframework.boot.loader.jar.CentralDirectoryEndRecord: void <init>(org.springframework.boot.loader.data.RandomAccessData)>
<org.springframework.boot.loader.jar.CentralDirectoryEndRecord: void <init>(org.springframework.boot.loader.data.RandomAccessData)>/write-field-block/1	46	<org.springframework.boot.loader.jar.CentralDirectoryEndRecord: void <init>(org.springframework.boot.loader.data.RandomAccessData)>/$stack32	<org.springframework.boot.loader.jar.CentralDirectoryEndRecord: void <init>(org.springframework.boot.loader.data.RandomAccessData)>/this#_0	<org.springframework.boot.loader.jar.CentralDirectoryEndRecord: byte[] block>	<org.springframework.boot.loader.jar.CentralDirectoryEndRecord: void <init>(org.springframework.boot.loader.data.RandomAccessData)>
<org.springframework.boot.loader.jar.CentralDirectoryEndRecord: void <init>(org.springframework.boot.loader.data.RandomAccessData)>/write-field-offset/1	51	<org.springframework.boot.loader.jar.CentralDirectoryEndRecord: void <init>(org.springframework.boot.loader.data.RandomAccessData)>/$stack16	<org.springframework.boot.loader.jar.CentralDirectoryEndRecord: void <init>(org.springframework.boot.loader.data.RandomAccessData)>/this#_0	<org.springframework.boot.loader.jar.CentralDirectoryEndRecord: int offset>	<org.springframework.boot.loader.jar.CentralDirectoryEndRecord: void <init>(org.springframework.boot.loader.data.RandomAccessData)>
<org.springframework.boot.loader.jar.StringSequence: void <init>(java.lang.String,int,int)>/write-field-source/0	18	<org.springframework.boot.loader.jar.StringSequence: void <init>(java.lang.String,int,int)>/source#_0	<org.springframework.boot.loader.jar.StringSequence: void <init>(java.lang.String,int,int)>/this#_0	<org.springframework.boot.loader.jar.StringSequence: java.lang.String source>	<org.springframework.boot.loader.jar.StringSequence: void <init>(java.lang.String,int,int)>
<org.springframework.boot.loader.jar.StringSequence: void <init>(java.lang.String,int,int)>/write-field-start/0	19	<org.springframework.boot.loader.jar.StringSequence: void <init>(java.lang.String,int,int)>/start#_0	<org.springframework.boot.loader.jar.StringSequence: void <init>(java.lang.String,int,int)>/this#_0	<org.springframework.boot.loader.jar.StringSequence: int start>	<org.springframework.boot.loader.jar.StringSequence: void <init>(java.lang.String,int,int)>
<org.springframework.boot.loader.jar.StringSequence: void <init>(java.lang.String,int,int)>/write-field-end/0	20	<org.springframework.boot.loader.jar.StringSequence: void <init>(java.lang.String,int,int)>/end#_0	<org.springframework.boot.loader.jar.StringSequence: void <init>(java.lang.String,int,int)>/this#_0	<org.springframework.boot.loader.jar.StringSequence: int end>	<org.springframework.boot.loader.jar.StringSequence: void <init>(java.lang.String,int,int)>
<org.springframework.boot.loader.jar.JarFile: void <init>(org.springframework.boot.loader.data.RandomAccessDataFile,java.lang.String,org.springframework.boot.loader.data.RandomAccessData,org.springframework.boot.loader.jar.JarEntryFilter,org.springframework.boot.loader.jar.JarFile$JarFileType,java.util.function.Supplier)>/write-field-rootFile/0	9	<org.springframework.boot.loader.jar.JarFile: void <init>(org.springframework.boot.loader.data.RandomAccessDataFile,java.lang.String,org.springframework.boot.loader.data.RandomAccessData,org.springframework.boot.loader.jar.JarEntryFilter,org.springframework.boot.loader.jar.JarFile$JarFileType,java.util.function.Supplier)>/rootFile#_0	<org.springframework.boot.loader.jar.JarFile: void <init>(org.springframework.boot.loader.data.RandomAccessDataFile,java.lang.String,org.springframework.boot.loader.data.RandomAccessData,org.springframework.boot.loader.jar.JarEntryFilter,org.springframework.boot.loader.jar.JarFile$JarFileType,java.util.function.Supplier)>/this#_0	<org.springframework.boot.loader.jar.JarFile: org.springframework.boot.loader.data.RandomAccessDataFile rootFile>	<org.springframework.boot.loader.jar.JarFile: void <init>(org.springframework.boot.loader.data.RandomAccessDataFile,java.lang.String,org.springframework.boot.loader.data.RandomAccessData,org.springframework.boot.loader.jar.JarEntryFilter,org.springframework.boot.loader.jar.JarFile$JarFileType,java.util.function.Supplier)>
<org.springframework.boot.loader.jar.JarFile: void <init>(org.springframework.boot.loader.data.RandomAccessDataFile,java.lang.String,org.springframework.boot.loader.data.RandomAccessData,org.springframework.boot.loader.jar.JarEntryFilter,org.springframework.boot.loader.jar.JarFile$JarFileType,java.util.function.Supplier)>/write-field-pathFromRoot/0	10	<org.springframework.boot.loader.jar.JarFile: void <init>(org.springframework.boot.loader.data.RandomAccessDataFile,java.lang.String,org.springframework.boot.loader.data.RandomAccessData,org.springframework.boot.loader.jar.JarEntryFilter,org.springframework.boot.loader.jar.JarFile$JarFileType,java.util.function.Supplier)>/pathFromRoot#_0	<org.springframework.boot.loader.jar.JarFile: void <init>(org.springframework.boot.loader.data.RandomAccessDataFile,java.lang.String,org.springframework.boot.loader.data.RandomAccessData,org.springframework.boot.loader.jar.JarEntryFilter,org.springframework.boot.loader.jar.JarFile$JarFileType,java.util.function.Supplier)>/this#_0	<org.springframework.boot.loader.jar.JarFile: java.lang.String pathFromRoot>	<org.springframework.boot.loader.jar.JarFile: void <init>(org.springframework.boot.loader.data.RandomAccessDataFile,java.lang.String,org.springframework.boot.loader.data.RandomAccessData,org.springframework.boot.loader.jar.JarEntryFilter,org.springframework.boot.loader.jar.JarFile$JarFileType,java.util.function.Supplier)>
<org.springframework.boot.loader.jar.JarFile: void <init>(org.springframework.boot.loader.data.RandomAccessDataFile,java.lang.String,org.springframework.boot.loader.data.RandomAccessData,org.springframework.boot.loader.jar.JarEntryFilter,org.springframework.boot.loader.jar.JarFile$JarFileType,java.util.function.Supplier)>/write-field-entries/0	17	<org.springframework.boot.loader.jar.JarFile: void <init>(org.springframework.boot.loader.data.RandomAccessDataFile,java.lang.String,org.springframework.boot.loader.data.RandomAccessData,org.springframework.boot.loader.jar.JarEntryFilter,org.springframework.boot.loader.jar.JarFile$JarFileType,java.util.function.Supplier)>/$stack12	<org.springframework.boot.loader.jar.JarFile: void <init>(org.springframework.boot.loader.data.RandomAccessDataFile,java.lang.String,org.springframework.boot.loader.data.RandomAccessData,org.springframework.boot.loader.jar.JarEntryFilter,org.springframework.boot.loader.jar.JarFile$JarFileType,java.util.function.Supplier)>/this#_0	<org.springframework.boot.loader.jar.JarFile: org.springframework.boot.loader.jar.JarFileEntries entries>	<org.springframework.boot.loader.jar.JarFile: void <init>(org.springframework.boot.loader.data.RandomAccessDataFile,java.lang.String,org.springframework.boot.loader.data.RandomAccessData,org.springframework.boot.loader.jar.JarEntryFilter,org.springframework.boot.loader.jar.JarFile$JarFileType,java.util.function.Supplier)>
<org.springframework.boot.loader.jar.JarFile: void <init>(org.springframework.boot.loader.data.RandomAccessDataFile,java.lang.String,org.springframework.boot.loader.data.RandomAccessData,org.springframework.boot.loader.jar.JarEntryFilter,org.springframework.boot.loader.jar.JarFile$JarFileType,java.util.function.Supplier)>/write-field-data/0	27	<org.springframework.boot.loader.jar.JarFile: void <init>(org.springframework.boot.loader.data.RandomAccessDataFile,java.lang.String,org.springframework.boot.loader.data.RandomAccessData,org.springframework.boot.loader.jar.JarEntryFilter,org.springframework.boot.loader.jar.JarFile$JarFileType,java.util.function.Supplier)>/$stack15	<org.springframework.boot.loader.jar.JarFile: void <init>(org.springframework.boot.loader.data.RandomAccessDataFile,java.lang.String,org.springframework.boot.loader.data.RandomAccessData,org.springframework.boot.loader.jar.JarEntryFilter,org.springframework.boot.loader.jar.JarFile$JarFileType,java.util.function.Supplier)>/this#_0	<org.springframework.boot.loader.jar.JarFile: org.springframework.boot.loader.data.RandomAccessData data>	<org.springframework.boot.loader.jar.JarFile: void <init>(org.springframework.boot.loader.data.RandomAccessDataFile,java.lang.String,org.springframework.boot.loader.data.RandomAccessData,org.springframework.boot.loader.jar.JarEntryFilter,org.springframework.boot.loader.jar.JarFile$JarFileType,java.util.function.Supplier)>
<org.springframework.boot.loader.jar.JarFile: void <init>(org.springframework.boot.loader.data.RandomAccessDataFile,java.lang.String,org.springframework.boot.loader.data.RandomAccessData,org.springframework.boot.loader.jar.JarEntryFilter,org.springframework.boot.loader.jar.JarFile$JarFileType,java.util.function.Supplier)>/write-field-type/0	28	<org.springframework.boot.loader.jar.JarFile: void <init>(org.springframework.boot.loader.data.RandomAccessDataFile,java.lang.String,org.springframework.boot.loader.data.RandomAccessData,org.springframework.boot.loader.jar.JarEntryFilter,org.springframework.boot.loader.jar.JarFile$JarFileType,java.util.function.Supplier)>/type#_0	<org.springframework.boot.loader.jar.JarFile: void <init>(org.springframework.boot.loader.data.RandomAccessDataFile,java.lang.String,org.springframework.boot.loader.data.RandomAccessData,org.springframework.boot.loader.jar.JarEntryFilter,org.springframework.boot.loader.jar.JarFile$JarFileType,java.util.function.Supplier)>/this#_0	<org.springframework.boot.loader.jar.JarFile: org.springframework.boot.loader.jar.JarFile$JarFileType type>	<org.springframework.boot.loader.jar.JarFile: void <init>(org.springframework.boot.loader.data.RandomAccessDataFile,java.lang.String,org.springframework.boot.loader.data.RandomAccessData,org.springframework.boot.loader.jar.JarEntryFilter,org.springframework.boot.loader.jar.JarFile$JarFileType,java.util.function.Supplier)>
<org.springframework.boot.loader.jar.JarFile: void <init>(org.springframework.boot.loader.data.RandomAccessDataFile,java.lang.String,org.springframework.boot.loader.data.RandomAccessData,org.springframework.boot.loader.jar.JarEntryFilter,org.springframework.boot.loader.jar.JarFile$JarFileType,java.util.function.Supplier)>/write-field-manifestSupplier/0	38	<org.springframework.boot.loader.jar.JarFile: void <init>(org.springframework.boot.loader.data.RandomAccessDataFile,java.lang.String,org.springframework.boot.loader.data.RandomAccessData,org.springframework.boot.loader.jar.JarEntryFilter,org.springframework.boot.loader.jar.JarFile$JarFileType,java.util.function.Supplier)>/$stack16_$$A_2	<org.springframework.boot.loader.jar.JarFile: void <init>(org.springframework.boot.loader.data.RandomAccessDataFile,java.lang.String,org.springframework.boot.loader.data.RandomAccessData,org.springframework.boot.loader.jar.JarEntryFilter,org.springframework.boot.loader.jar.JarFile$JarFileType,java.util.function.Supplier)>/this#_0	<org.springframework.boot.loader.jar.JarFile: java.util.function.Supplier manifestSupplier>	<org.springframework.boot.loader.jar.JarFile: void <init>(org.springframework.boot.loader.data.RandomAccessDataFile,java.lang.String,org.springframework.boot.loader.data.RandomAccessData,org.springframework.boot.loader.jar.JarEntryFilter,org.springframework.boot.loader.jar.JarFile$JarFileType,java.util.function.Supplier)>
<org.springframework.boot.loader.jar.StringSequence: int hashCode()>/write-field-hash/0	19	<org.springframework.boot.loader.jar.StringSequence: int hashCode()>/hash_$$A_1#_108	<org.springframework.boot.loader.jar.StringSequence: int hashCode()>/this#_0	<org.springframework.boot.loader.jar.StringSequence: int hash>	<org.springframework.boot.loader.jar.StringSequence: int hashCode()>
<org.springframework.boot.loader.jar.JarFile: java.util.jar.Manifest getManifest()>/write-field-manifest/0	26	<org.springframework.boot.loader.jar.JarFile: java.util.jar.Manifest getManifest()>/$stack6	<org.springframework.boot.loader.jar.JarFile: java.util.jar.Manifest getManifest()>/this#_0	<org.springframework.boot.loader.jar.JarFile: java.lang.ref.SoftReference manifest>	<org.springframework.boot.loader.jar.JarFile: java.util.jar.Manifest getManifest()>
<org.springframework.boot.loader.jar.Handler: void <init>(org.springframework.boot.loader.jar.JarFile)>/write-field-jarFile/0	3	<org.springframework.boot.loader.jar.Handler: void <init>(org.springframework.boot.loader.jar.JarFile)>/jarFile#_0	<org.springframework.boot.loader.jar.Handler: void <init>(org.springframework.boot.loader.jar.JarFile)>/this#_0	<org.springframework.boot.loader.jar.Handler: org.springframework.boot.loader.jar.JarFile jarFile>	<org.springframework.boot.loader.jar.Handler: void <init>(org.springframework.boot.loader.jar.JarFile)>
<org.springframework.boot.loader.jar.Handler: java.net.URLStreamHandler getFallbackHandler()>/write-field-fallbackHandler/0	15	<org.springframework.boot.loader.jar.Handler: java.net.URLStreamHandler getFallbackHandler()>/$stack9	<org.springframework.boot.loader.jar.Handler: java.net.URLStreamHandler getFallbackHandler()>/this#_0	<org.springframework.boot.loader.jar.Handler: java.net.URLStreamHandler fallbackHandler>	<org.springframework.boot.loader.jar.Handler: java.net.URLStreamHandler getFallbackHandler()>
<org.springframework.boot.loader.jar.JarFile: java.net.URL getUrl()>/write-field-url/0	24	<org.springframework.boot.loader.jar.JarFile: java.net.URL getUrl()>/$u2	<org.springframework.boot.loader.jar.JarFile: java.net.URL getUrl()>/this#_0	<org.springframework.boot.loader.jar.JarFile: java.net.URL url>	<org.springframework.boot.loader.jar.JarFile: java.net.URL getUrl()>
<org.springframework.boot.loader.jar.JarFile: boolean access$202(org.springframework.boot.loader.jar.JarFile,boolean)>/write-field-signed/0	2	<org.springframework.boot.loader.jar.JarFile: boolean access$202(org.springframework.boot.loader.jar.JarFile,boolean)>/x1#_0	<org.springframework.boot.loader.jar.JarFile: boolean access$202(org.springframework.boot.loader.jar.JarFile,boolean)>/x0#_0	<org.springframework.boot.loader.jar.JarFile: boolean signed>	<org.springframework.boot.loader.jar.JarFile: boolean access$202(org.springframework.boot.loader.jar.JarFile,boolean)>
<org.springframework.boot.loader.PropertiesLauncher$PrefixMatchingArchiveFilter: void <init>(java.lang.String)>/write-field-filter/0	6	<org.springframework.boot.loader.PropertiesLauncher$PrefixMatchingArchiveFilter: void <init>(java.lang.String)>/$stack2	<org.springframework.boot.loader.PropertiesLauncher$PrefixMatchingArchiveFilter: void <init>(java.lang.String)>/this#_0	<org.springframework.boot.loader.PropertiesLauncher$PrefixMatchingArchiveFilter: org.springframework.boot.loader.PropertiesLauncher$ArchiveEntryFilter filter>	<org.springframework.boot.loader.PropertiesLauncher$PrefixMatchingArchiveFilter: void <init>(java.lang.String)>
<org.springframework.boot.loader.PropertiesLauncher$PrefixMatchingArchiveFilter: void <init>(java.lang.String)>/write-field-prefix/0	7	<org.springframework.boot.loader.PropertiesLauncher$PrefixMatchingArchiveFilter: void <init>(java.lang.String)>/prefix#_0	<org.springframework.boot.loader.PropertiesLauncher$PrefixMatchingArchiveFilter: void <init>(java.lang.String)>/this#_0	<org.springframework.boot.loader.PropertiesLauncher$PrefixMatchingArchiveFilter: java.lang.String prefix>	<org.springframework.boot.loader.PropertiesLauncher$PrefixMatchingArchiveFilter: void <init>(java.lang.String)>
<org.springframework.boot.loader.jar.JarFileEntries$EntryIterator: void <init>(org.springframework.boot.loader.jar.JarFileEntries)>/write-field-this$0/0	2	<org.springframework.boot.loader.jar.JarFileEntries$EntryIterator: void <init>(org.springframework.boot.loader.jar.JarFileEntries)>/l1#_0	<org.springframework.boot.loader.jar.JarFileEntries$EntryIterator: void <init>(org.springframework.boot.loader.jar.JarFileEntries)>/this#_0	<org.springframework.boot.loader.jar.JarFileEntries$EntryIterator: org.springframework.boot.loader.jar.JarFileEntries this$0>	<org.springframework.boot.loader.jar.JarFileEntries$EntryIterator: void <init>(org.springframework.boot.loader.jar.JarFileEntries)>
<org.springframework.boot.loader.jar.JarFileEntries$EntryIterator: void <init>(org.springframework.boot.loader.jar.JarFileEntries)>/write-field-index/0	4	<org.springframework.boot.loader.jar.JarFileEntries$EntryIterator: void <init>(org.springframework.boot.loader.jar.JarFileEntries)>/$numconstant0	<org.springframework.boot.loader.jar.JarFileEntries$EntryIterator: void <init>(org.springframework.boot.loader.jar.JarFileEntries)>/this#_0	<org.springframework.boot.loader.jar.JarFileEntries$EntryIterator: int index>	<org.springframework.boot.loader.jar.JarFileEntries$EntryIterator: void <init>(org.springframework.boot.loader.jar.JarFileEntries)>
<org.springframework.boot.loader.jar.JarFileEntries$EntryIterator: org.springframework.boot.loader.jar.JarEntry next()>/write-field-index/0	13	<org.springframework.boot.loader.jar.JarFileEntries$EntryIterator: org.springframework.boot.loader.jar.JarEntry next()>/$stack7	<org.springframework.boot.loader.jar.JarFileEntries$EntryIterator: org.springframework.boot.loader.jar.JarEntry next()>/this#_0	<org.springframework.boot.loader.jar.JarFileEntries$EntryIterator: int index>	<org.springframework.boot.loader.jar.JarFileEntries$EntryIterator: org.springframework.boot.loader.jar.JarEntry next()>
<org.springframework.boot.loader.data.RandomAccessDataFile$FileAccess: void <init>(java.io.File)>/write-field-monitor/0	5	<org.springframework.boot.loader.data.RandomAccessDataFile$FileAccess: void <init>(java.io.File)>/$stack2	<org.springframework.boot.loader.data.RandomAccessDataFile$FileAccess: void <init>(java.io.File)>/this#_0	<org.springframework.boot.loader.data.RandomAccessDataFile$FileAccess: java.lang.Object monitor>	<org.springframework.boot.loader.data.RandomAccessDataFile$FileAccess: void <init>(java.io.File)>
<org.springframework.boot.loader.data.RandomAccessDataFile$FileAccess: void <init>(java.io.File)>/write-field-file/0	6	<org.springframework.boot.loader.data.RandomAccessDataFile$FileAccess: void <init>(java.io.File)>/file#_0	<org.springframework.boot.loader.data.RandomAccessDataFile$FileAccess: void <init>(java.io.File)>/this#_0	<org.springframework.boot.loader.data.RandomAccessDataFile$FileAccess: java.io.File file>	<org.springframework.boot.loader.data.RandomAccessDataFile$FileAccess: void <init>(java.io.File)>
<org.springframework.boot.loader.jar.JarURLConnection: void <init>(java.net.URL,org.springframework.boot.loader.jar.JarFile,org.springframework.boot.loader.jar.JarURLConnection$JarEntryName)>/write-field-url/0	6	<org.springframework.boot.loader.jar.JarURLConnection: void <init>(java.net.URL,org.springframework.boot.loader.jar.JarFile,org.springframework.boot.loader.jar.JarURLConnection$JarEntryName)>/url#_0	<org.springframework.boot.loader.jar.JarURLConnection: void <init>(java.net.URL,org.springframework.boot.loader.jar.JarFile,org.springframework.boot.loader.jar.JarURLConnection$JarEntryName)>/this#_0	<java.net.URLConnection: java.net.URL url>	<org.springframework.boot.loader.jar.JarURLConnection: void <init>(java.net.URL,org.springframework.boot.loader.jar.JarFile,org.springframework.boot.loader.jar.JarURLConnection$JarEntryName)>
<org.springframework.boot.loader.jar.JarURLConnection: void <init>(java.net.URL,org.springframework.boot.loader.jar.JarFile,org.springframework.boot.loader.jar.JarURLConnection$JarEntryName)>/write-field-jarFile/0	7	<org.springframework.boot.loader.jar.JarURLConnection: void <init>(java.net.URL,org.springframework.boot.loader.jar.JarFile,org.springframework.boot.loader.jar.JarURLConnection$JarEntryName)>/jarFile#_0	<org.springframework.boot.loader.jar.JarURLConnection: void <init>(java.net.URL,org.springframework.boot.loader.jar.JarFile,org.springframework.boot.loader.jar.JarURLConnection$JarEntryName)>/this#_0	<org.springframework.boot.loader.jar.JarURLConnection: org.springframework.boot.loader.jar.JarFile jarFile>	<org.springframework.boot.loader.jar.JarURLConnection: void <init>(java.net.URL,org.springframework.boot.loader.jar.JarFile,org.springframework.boot.loader.jar.JarURLConnection$JarEntryName)>
<org.springframework.boot.loader.jar.JarURLConnection: void <init>(java.net.URL,org.springframework.boot.loader.jar.JarFile,org.springframework.boot.loader.jar.JarURLConnection$JarEntryName)>/write-field-jarEntryName/0	8	<org.springframework.boot.loader.jar.JarURLConnection: void <init>(java.net.URL,org.springframework.boot.loader.jar.JarFile,org.springframework.boot.loader.jar.JarURLConnection$JarEntryName)>/jarEntryName#_0	<org.springframework.boot.loader.jar.JarURLConnection: void <init>(java.net.URL,org.springframework.boot.loader.jar.JarFile,org.springframework.boot.loader.jar.JarURLConnection$JarEntryName)>/this#_0	<org.springframework.boot.loader.jar.JarURLConnection: org.springframework.boot.loader.jar.JarURLConnection$JarEntryName jarEntryName>	<org.springframework.boot.loader.jar.JarURLConnection: void <init>(java.net.URL,org.springframework.boot.loader.jar.JarFile,org.springframework.boot.loader.jar.JarURLConnection$JarEntryName)>
<org.springframework.boot.loader.jar.JarURLConnection: void connect()>/write-field-jarEntry/0	14	<org.springframework.boot.loader.jar.JarURLConnection: void connect()>/$stack9	<org.springframework.boot.loader.jar.JarURLConnection: void connect()>/this#_0	<org.springframework.boot.loader.jar.JarURLConnection: org.springframework.boot.loader.jar.JarEntry jarEntry>	<org.springframework.boot.loader.jar.JarURLConnection: void connect()>
<org.springframework.boot.loader.jar.JarURLConnection: void connect()>/write-field-connected/0	20	<org.springframework.boot.loader.jar.JarURLConnection: void connect()>/$numconstant0	<org.springframework.boot.loader.jar.JarURLConnection: void connect()>/this#_0	<java.net.URLConnection: boolean connected>	<org.springframework.boot.loader.jar.JarURLConnection: void connect()>
<org.springframework.boot.loader.data.RandomAccessDataFile$FileAccess: void openIfNecessary()>/write-field-randomAccessFile/0	7	<org.springframework.boot.loader.data.RandomAccessDataFile$FileAccess: void openIfNecessary()>/$stack3	<org.springframework.boot.loader.data.RandomAccessDataFile$FileAccess: void openIfNecessary()>/this#_0	<org.springframework.boot.loader.data.RandomAccessDataFile$FileAccess: java.io.RandomAccessFile randomAccessFile>	<org.springframework.boot.loader.data.RandomAccessDataFile$FileAccess: void openIfNecessary()>
<org.springframework.boot.loader.jar.JarURLConnection: java.net.URL getJarFileURL()>/write-field-jarFileUrl/0	9	<org.springframework.boot.loader.jar.JarURLConnection: java.net.URL getJarFileURL()>/$stack4	<org.springframework.boot.loader.jar.JarURLConnection: java.net.URL getJarFileURL()>/this#_0	<org.springframework.boot.loader.jar.JarURLConnection: java.net.URL jarFileUrl>	<org.springframework.boot.loader.jar.JarURLConnection: java.net.URL getJarFileURL()>
<org.springframework.boot.loader.data.RandomAccessDataFile$FileAccess: void close()>/write-field-randomAccessFile/0	7	<org.springframework.boot.loader.data.RandomAccessDataFile$FileAccess: void close()>/$null0	<org.springframework.boot.loader.data.RandomAccessDataFile$FileAccess: void close()>/this#_0	<org.springframework.boot.loader.data.RandomAccessDataFile$FileAccess: java.io.RandomAccessFile randomAccessFile>	<org.springframework.boot.loader.data.RandomAccessDataFile$FileAccess: void close()>
<org.springframework.boot.loader.jar.JarURLConnection: java.security.Permission getPermission()>/write-field-permission/0	15	<org.springframework.boot.loader.jar.JarURLConnection: java.security.Permission getPermission()>/$stack4	<org.springframework.boot.loader.jar.JarURLConnection: java.security.Permission getPermission()>/this#_0	<org.springframework.boot.loader.jar.JarURLConnection: java.security.Permission permission>	<org.springframework.boot.loader.jar.JarURLConnection: java.security.Permission getPermission()>
<org.springframework.boot.loader.MainMethodRunner: void <init>(java.lang.String,java.lang.String[])>/write-field-mainClassName/0	4	<org.springframework.boot.loader.MainMethodRunner: void <init>(java.lang.String,java.lang.String[])>/mainClass#_0	<org.springframework.boot.loader.MainMethodRunner: void <init>(java.lang.String,java.lang.String[])>/this#_0	<org.springframework.boot.loader.MainMethodRunner: java.lang.String mainClassName>	<org.springframework.boot.loader.MainMethodRunner: void <init>(java.lang.String,java.lang.String[])>
<org.springframework.boot.loader.MainMethodRunner: void <init>(java.lang.String,java.lang.String[])>/write-field-args/0	12	<org.springframework.boot.loader.MainMethodRunner: void <init>(java.lang.String,java.lang.String[])>/$stack4_$$A_2	<org.springframework.boot.loader.MainMethodRunner: void <init>(java.lang.String,java.lang.String[])>/this#_0	<org.springframework.boot.loader.MainMethodRunner: java.lang.String[] args>	<org.springframework.boot.loader.MainMethodRunner: void <init>(java.lang.String,java.lang.String[])>
<org.springframework.boot.loader.archive.ExplodedArchive: void <init>(java.io.File,boolean)>/write-field-root/0	18	<org.springframework.boot.loader.archive.ExplodedArchive: void <init>(java.io.File,boolean)>/root#_0	<org.springframework.boot.loader.archive.ExplodedArchive: void <init>(java.io.File,boolean)>/this#_0	<org.springframework.boot.loader.archive.ExplodedArchive: java.io.File root>	<org.springframework.boot.loader.archive.ExplodedArchive: void <init>(java.io.File,boolean)>
<org.springframework.boot.loader.archive.ExplodedArchive: void <init>(java.io.File,boolean)>/write-field-recursive/0	19	<org.springframework.boot.loader.archive.ExplodedArchive: void <init>(java.io.File,boolean)>/recursive#_0	<org.springframework.boot.loader.archive.ExplodedArchive: void <init>(java.io.File,boolean)>/this#_0	<org.springframework.boot.loader.archive.ExplodedArchive: boolean recursive>	<org.springframework.boot.loader.archive.ExplodedArchive: void <init>(java.io.File,boolean)>
<org.springframework.boot.loader.archive.ExplodedArchive: void <init>(java.io.File,boolean)>/write-field-manifestFile/0	21	<org.springframework.boot.loader.archive.ExplodedArchive: void <init>(java.io.File,boolean)>/$stack10	<org.springframework.boot.loader.archive.ExplodedArchive: void <init>(java.io.File,boolean)>/this#_0	<org.springframework.boot.loader.archive.ExplodedArchive: java.io.File manifestFile>	<org.springframework.boot.loader.archive.ExplodedArchive: void <init>(java.io.File,boolean)>
<org.springframework.boot.loader.archive.ExplodedArchive: java.util.jar.Manifest getManifest()>/write-field-manifest/0	12	<org.springframework.boot.loader.archive.ExplodedArchive: java.util.jar.Manifest getManifest()>/$stack13	<org.springframework.boot.loader.archive.ExplodedArchive: java.util.jar.Manifest getManifest()>/this#_0	<org.springframework.boot.loader.archive.ExplodedArchive: java.util.jar.Manifest manifest>	<org.springframework.boot.loader.archive.ExplodedArchive: java.util.jar.Manifest getManifest()>
<org.springframework.boot.loader.jar.JarFileEntries: void <init>(org.springframework.boot.loader.jar.JarFile,org.springframework.boot.loader.jar.JarEntryFilter)>/write-field-entriesCache/0	10	<org.springframework.boot.loader.jar.JarFileEntries: void <init>(org.springframework.boot.loader.jar.JarFile,org.springframework.boot.loader.jar.JarEntryFilter)>/$stack4	<org.springframework.boot.loader.jar.JarFileEntries: void <init>(org.springframework.boot.loader.jar.JarFile,org.springframework.boot.loader.jar.JarEntryFilter)>/this#_0	<org.springframework.boot.loader.jar.JarFileEntries: java.util.Map entriesCache>	<org.springframework.boot.loader.jar.JarFileEntries: void <init>(org.springframework.boot.loader.jar.JarFile,org.springframework.boot.loader.jar.JarEntryFilter)>
<org.springframework.boot.loader.jar.JarFileEntries: void <init>(org.springframework.boot.loader.jar.JarFile,org.springframework.boot.loader.jar.JarEntryFilter)>/write-field-jarFile/0	11	<org.springframework.boot.loader.jar.JarFileEntries: void <init>(org.springframework.boot.loader.jar.JarFile,org.springframework.boot.loader.jar.JarEntryFilter)>/jarFile#_0	<org.springframework.boot.loader.jar.JarFileEntries: void <init>(org.springframework.boot.loader.jar.JarFile,org.springframework.boot.loader.jar.JarEntryFilter)>/this#_0	<org.springframework.boot.loader.jar.JarFileEntries: org.springframework.boot.loader.jar.JarFile jarFile>	<org.springframework.boot.loader.jar.JarFileEntries: void <init>(org.springframework.boot.loader.jar.JarFile,org.springframework.boot.loader.jar.JarEntryFilter)>
<org.springframework.boot.loader.jar.JarFileEntries: void <init>(org.springframework.boot.loader.jar.JarFile,org.springframework.boot.loader.jar.JarEntryFilter)>/write-field-filter/0	12	<org.springframework.boot.loader.jar.JarFileEntries: void <init>(org.springframework.boot.loader.jar.JarFile,org.springframework.boot.loader.jar.JarEntryFilter)>/filter#_0	<org.springframework.boot.loader.jar.JarFileEntries: void <init>(org.springframework.boot.loader.jar.JarFile,org.springframework.boot.loader.jar.JarEntryFilter)>/this#_0	<org.springframework.boot.loader.jar.JarFileEntries: org.springframework.boot.loader.jar.JarEntryFilter filter>	<org.springframework.boot.loader.jar.JarFileEntries: void <init>(org.springframework.boot.loader.jar.JarFile,org.springframework.boot.loader.jar.JarEntryFilter)>
<org.springframework.boot.loader.jar.JarFileEntries: void visitStart(org.springframework.boot.loader.jar.CentralDirectoryEndRecord,org.springframework.boot.loader.data.RandomAccessData)>/write-field-centralDirectoryData/0	4	<org.springframework.boot.loader.jar.JarFileEntries: void visitStart(org.springframework.boot.loader.jar.CentralDirectoryEndRecord,org.springframework.boot.loader.data.RandomAccessData)>/centralDirectoryData#_0	<org.springframework.boot.loader.jar.JarFileEntries: void visitStart(org.springframework.boot.loader.jar.CentralDirectoryEndRecord,org.springframework.boot.loader.data.RandomAccessData)>/this#_0	<org.springframework.boot.loader.jar.JarFileEntries: org.springframework.boot.loader.data.RandomAccessData centralDirectoryData>	<org.springframework.boot.loader.jar.JarFileEntries: void visitStart(org.springframework.boot.loader.jar.CentralDirectoryEndRecord,org.springframework.boot.loader.data.RandomAccessData)>
<org.springframework.boot.loader.jar.JarFileEntries: void visitStart(org.springframework.boot.loader.jar.CentralDirectoryEndRecord,org.springframework.boot.loader.data.RandomAccessData)>/write-field-hashCodes/0	6	<org.springframework.boot.loader.jar.JarFileEntries: void visitStart(org.springframework.boot.loader.jar.CentralDirectoryEndRecord,org.springframework.boot.loader.data.RandomAccessData)>/$stack4	<org.springframework.boot.loader.jar.JarFileEntries: void visitStart(org.springframework.boot.loader.jar.CentralDirectoryEndRecord,org.springframework.boot.loader.data.RandomAccessData)>/this#_0	<org.springframework.boot.loader.jar.JarFileEntries: int[] hashCodes>	<org.springframework.boot.loader.jar.JarFileEntries: void visitStart(org.springframework.boot.loader.jar.CentralDirectoryEndRecord,org.springframework.boot.loader.data.RandomAccessData)>
<org.springframework.boot.loader.jar.JarFileEntries: void visitStart(org.springframework.boot.loader.jar.CentralDirectoryEndRecord,org.springframework.boot.loader.data.RandomAccessData)>/write-field-centralDirectoryOffsets/0	8	<org.springframework.boot.loader.jar.JarFileEntries: void visitStart(org.springframework.boot.loader.jar.CentralDirectoryEndRecord,org.springframework.boot.loader.data.RandomAccessData)>/$stack5	<org.springframework.boot.loader.jar.JarFileEntries: void visitStart(org.springframework.boot.loader.jar.CentralDirectoryEndRecord,org.springframework.boot.loader.data.RandomAccessData)>/this#_0	<org.springframework.boot.loader.jar.JarFileEntries: int[] centralDirectoryOffsets>	<org.springframework.boot.loader.jar.JarFileEntries: void visitStart(org.springframework.boot.loader.jar.CentralDirectoryEndRecord,org.springframework.boot.loader.data.RandomAccessData)>
<org.springframework.boot.loader.jar.JarFileEntries: void visitStart(org.springframework.boot.loader.jar.CentralDirectoryEndRecord,org.springframework.boot.loader.data.RandomAccessData)>/write-field-positions/0	10	<org.springframework.boot.loader.jar.JarFileEntries: void visitStart(org.springframework.boot.loader.jar.CentralDirectoryEndRecord,org.springframework.boot.loader.data.RandomAccessData)>/$stack6	<org.springframework.boot.loader.jar.JarFileEntries: void visitStart(org.springframework.boot.loader.jar.CentralDirectoryEndRecord,org.springframework.boot.loader.data.RandomAccessData)>/this#_0	<org.springframework.boot.loader.jar.JarFileEntries: int[] positions>	<org.springframework.boot.loader.jar.JarFileEntries: void visitStart(org.springframework.boot.loader.jar.CentralDirectoryEndRecord,org.springframework.boot.loader.data.RandomAccessData)>
<org.springframework.boot.loader.jar.JarFileEntries: void add(org.springframework.boot.loader.jar.AsciiBytes,int)>/write-field-size/0	16	<org.springframework.boot.loader.jar.JarFileEntries: void add(org.springframework.boot.loader.jar.AsciiBytes,int)>/$stack12	<org.springframework.boot.loader.jar.JarFileEntries: void add(org.springframework.boot.loader.jar.AsciiBytes,int)>/this#_0	<org.springframework.boot.loader.jar.JarFileEntries: int size>	<org.springframework.boot.loader.jar.JarFileEntries: void add(org.springframework.boot.loader.jar.AsciiBytes,int)>
<org.springframework.boot.loader.jar.JarFileEntries: void visitEnd()>/write-field-positions/0	8	<org.springframework.boot.loader.jar.JarFileEntries: void visitEnd()>/$stack6	<org.springframework.boot.loader.jar.JarFileEntries: void visitEnd()>/this#_0	<org.springframework.boot.loader.jar.JarFileEntries: int[] positions>	<org.springframework.boot.loader.jar.JarFileEntries: void visitEnd()>
<org.springframework.boot.loader.data.RandomAccessDataFile: void <init>(java.io.File)>/write-field-fileAccess/0	12	<org.springframework.boot.loader.data.RandomAccessDataFile: void <init>(java.io.File)>/$stack2	<org.springframework.boot.loader.data.RandomAccessDataFile: void <init>(java.io.File)>/this#_0	<org.springframework.boot.loader.data.RandomAccessDataFile: org.springframework.boot.loader.data.RandomAccessDataFile$FileAccess fileAccess>	<org.springframework.boot.loader.data.RandomAccessDataFile: void <init>(java.io.File)>
<org.springframework.boot.loader.data.RandomAccessDataFile: void <init>(java.io.File)>/write-field-offset/0	13	<org.springframework.boot.loader.data.RandomAccessDataFile: void <init>(java.io.File)>/$numconstant0	<org.springframework.boot.loader.data.RandomAccessDataFile: void <init>(java.io.File)>/this#_0	<org.springframework.boot.loader.data.RandomAccessDataFile: long offset>	<org.springframework.boot.loader.data.RandomAccessDataFile: void <init>(java.io.File)>
<org.springframework.boot.loader.data.RandomAccessDataFile: void <init>(java.io.File)>/write-field-length/0	16	<org.springframework.boot.loader.data.RandomAccessDataFile: void <init>(java.io.File)>/$stack3	<org.springframework.boot.loader.data.RandomAccessDataFile: void <init>(java.io.File)>/this#_0	<org.springframework.boot.loader.data.RandomAccessDataFile: long length>	<org.springframework.boot.loader.data.RandomAccessDataFile: void <init>(java.io.File)>
<org.springframework.boot.loader.data.RandomAccessDataFile: void <init>(org.springframework.boot.loader.data.RandomAccessDataFile$FileAccess,long,long)>/write-field-fileAccess/0	5	<org.springframework.boot.loader.data.RandomAccessDataFile: void <init>(org.springframework.boot.loader.data.RandomAccessDataFile$FileAccess,long,long)>/fileAccess#_0	<org.springframework.boot.loader.data.RandomAccessDataFile: void <init>(org.springframework.boot.loader.data.RandomAccessDataFile$FileAccess,long,long)>/this#_0	<org.springframework.boot.loader.data.RandomAccessDataFile: org.springframework.boot.loader.data.RandomAccessDataFile$FileAccess fileAccess>	<org.springframework.boot.loader.data.RandomAccessDataFile: void <init>(org.springframework.boot.loader.data.RandomAccessDataFile$FileAccess,long,long)>
<org.springframework.boot.loader.data.RandomAccessDataFile: void <init>(org.springframework.boot.loader.data.RandomAccessDataFile$FileAccess,long,long)>/write-field-offset/0	6	<org.springframework.boot.loader.data.RandomAccessDataFile: void <init>(org.springframework.boot.loader.data.RandomAccessDataFile$FileAccess,long,long)>/offset#_0	<org.springframework.boot.loader.data.RandomAccessDataFile: void <init>(org.springframework.boot.loader.data.RandomAccessDataFile$FileAccess,long,long)>/this#_0	<org.springframework.boot.loader.data.RandomAccessDataFile: long offset>	<org.springframework.boot.loader.data.RandomAccessDataFile: void <init>(org.springframework.boot.loader.data.RandomAccessDataFile$FileAccess,long,long)>
<org.springframework.boot.loader.data.RandomAccessDataFile: void <init>(org.springframework.boot.loader.data.RandomAccessDataFile$FileAccess,long,long)>/write-field-length/0	7	<org.springframework.boot.loader.data.RandomAccessDataFile: void <init>(org.springframework.boot.loader.data.RandomAccessDataFile$FileAccess,long,long)>/length#_0	<org.springframework.boot.loader.data.RandomAccessDataFile: void <init>(org.springframework.boot.loader.data.RandomAccessDataFile$FileAccess,long,long)>/this#_0	<org.springframework.boot.loader.data.RandomAccessDataFile: long length>	<org.springframework.boot.loader.data.RandomAccessDataFile: void <init>(org.springframework.boot.loader.data.RandomAccessDataFile$FileAccess,long,long)>
<org.springframework.boot.loader.jar.CentralDirectoryFileHeader: void <init>(byte[],int,org.springframework.boot.loader.jar.AsciiBytes,byte[],org.springframework.boot.loader.jar.AsciiBytes,long)>/write-field-header/0	8	<org.springframework.boot.loader.jar.CentralDirectoryFileHeader: void <init>(byte[],int,org.springframework.boot.loader.jar.AsciiBytes,byte[],org.springframework.boot.loader.jar.AsciiBytes,long)>/header#_0	<org.springframework.boot.loader.jar.CentralDirectoryFileHeader: void <init>(byte[],int,org.springframework.boot.loader.jar.AsciiBytes,byte[],org.springframework.boot.loader.jar.AsciiBytes,long)>/this#_0	<org.springframework.boot.loader.jar.CentralDirectoryFileHeader: byte[] header>	<org.springframework.boot.loader.jar.CentralDirectoryFileHeader: void <init>(byte[],int,org.springframework.boot.loader.jar.AsciiBytes,byte[],org.springframework.boot.loader.jar.AsciiBytes,long)>
<org.springframework.boot.loader.jar.CentralDirectoryFileHeader: void <init>(byte[],int,org.springframework.boot.loader.jar.AsciiBytes,byte[],org.springframework.boot.loader.jar.AsciiBytes,long)>/write-field-headerOffset/0	9	<org.springframework.boot.loader.jar.CentralDirectoryFileHeader: void <init>(byte[],int,org.springframework.boot.loader.jar.AsciiBytes,byte[],org.springframework.boot.loader.jar.AsciiBytes,long)>/headerOffset#_0	<org.springframework.boot.loader.jar.CentralDirectoryFileHeader: void <init>(byte[],int,org.springframework.boot.loader.jar.AsciiBytes,byte[],org.springframework.boot.loader.jar.AsciiBytes,long)>/this#_0	<org.springframework.boot.loader.jar.CentralDirectoryFileHeader: int headerOffset>	<org.springframework.boot.loader.jar.CentralDirectoryFileHeader: void <init>(byte[],int,org.springframework.boot.loader.jar.AsciiBytes,byte[],org.springframework.boot.loader.jar.AsciiBytes,long)>
<org.springframework.boot.loader.jar.CentralDirectoryFileHeader: void <init>(byte[],int,org.springframework.boot.loader.jar.AsciiBytes,byte[],org.springframework.boot.loader.jar.AsciiBytes,long)>/write-field-name/0	10	<org.springframework.boot.loader.jar.CentralDirectoryFileHeader: void <init>(byte[],int,org.springframework.boot.loader.jar.AsciiBytes,byte[],org.springframework.boot.loader.jar.AsciiBytes,long)>/name#_0	<org.springframework.boot.loader.jar.CentralDirectoryFileHeader: void <init>(byte[],int,org.springframework.boot.loader.jar.AsciiBytes,byte[],org.springframework.boot.loader.jar.AsciiBytes,long)>/this#_0	<org.springframework.boot.loader.jar.CentralDirectoryFileHeader: org.springframework.boot.loader.jar.AsciiBytes name>	<org.springframework.boot.loader.jar.CentralDirectoryFileHeader: void <init>(byte[],int,org.springframework.boot.loader.jar.AsciiBytes,byte[],org.springframework.boot.loader.jar.AsciiBytes,long)>
<org.springframework.boot.loader.jar.CentralDirectoryFileHeader: void <init>(byte[],int,org.springframework.boot.loader.jar.AsciiBytes,byte[],org.springframework.boot.loader.jar.AsciiBytes,long)>/write-field-extra/0	11	<org.springframework.boot.loader.jar.CentralDirectoryFileHeader: void <init>(byte[],int,org.springframework.boot.loader.jar.AsciiBytes,byte[],org.springframework.boot.loader.jar.AsciiBytes,long)>/extra#_0	<org.springframework.boot.loader.jar.CentralDirectoryFileHeader: void <init>(byte[],int,org.springframework.boot.loader.jar.AsciiBytes,byte[],org.springframework.boot.loader.jar.AsciiBytes,long)>/this#_0	<org.springframework.boot.loader.jar.CentralDirectoryFileHeader: byte[] extra>	<org.springframework.boot.loader.jar.CentralDirectoryFileHeader: void <init>(byte[],int,org.springframework.boot.loader.jar.AsciiBytes,byte[],org.springframework.boot.loader.jar.AsciiBytes,long)>
<org.springframework.boot.loader.jar.CentralDirectoryFileHeader: void <init>(byte[],int,org.springframework.boot.loader.jar.AsciiBytes,byte[],org.springframework.boot.loader.jar.AsciiBytes,long)>/write-field-comment/0	12	<org.springframework.boot.loader.jar.CentralDirectoryFileHeader: void <init>(byte[],int,org.springframework.boot.loader.jar.AsciiBytes,byte[],org.springframework.boot.loader.jar.AsciiBytes,long)>/comment#_0	<org.springframework.boot.loader.jar.CentralDirectoryFileHeader: void <init>(byte[],int,org.springframework.boot.loader.jar.AsciiBytes,byte[],org.springframework.boot.loader.jar.AsciiBytes,long)>/this#_0	<org.springframework.boot.loader.jar.CentralDirectoryFileHeader: org.springframework.boot.loader.jar.AsciiBytes comment>	<org.springframework.boot.loader.jar.CentralDirectoryFileHeader: void <init>(byte[],int,org.springframework.boot.loader.jar.AsciiBytes,byte[],org.springframework.boot.loader.jar.AsciiBytes,long)>
<org.springframework.boot.loader.jar.CentralDirectoryFileHeader: void <init>(byte[],int,org.springframework.boot.loader.jar.AsciiBytes,byte[],org.springframework.boot.loader.jar.AsciiBytes,long)>/write-field-localHeaderOffset/0	13	<org.springframework.boot.loader.jar.CentralDirectoryFileHeader: void <init>(byte[],int,org.springframework.boot.loader.jar.AsciiBytes,byte[],org.springframework.boot.loader.jar.AsciiBytes,long)>/localHeaderOffset#_0	<org.springframework.boot.loader.jar.CentralDirectoryFileHeader: void <init>(byte[],int,org.springframework.boot.loader.jar.AsciiBytes,byte[],org.springframework.boot.loader.jar.AsciiBytes,long)>/this#_0	<org.springframework.boot.loader.jar.CentralDirectoryFileHeader: long localHeaderOffset>	<org.springframework.boot.loader.jar.CentralDirectoryFileHeader: void <init>(byte[],int,org.springframework.boot.loader.jar.AsciiBytes,byte[],org.springframework.boot.loader.jar.AsciiBytes,long)>
<org.springframework.boot.loader.jar.CentralDirectoryFileHeader: void load(byte[],int,org.springframework.boot.loader.data.RandomAccessData,int,org.springframework.boot.loader.jar.JarEntryFilter)>/write-field-header/0	6	<org.springframework.boot.loader.jar.CentralDirectoryFileHeader: void load(byte[],int,org.springframework.boot.loader.data.RandomAccessData,int,org.springframework.boot.loader.jar.JarEntryFilter)>/data#_0	<org.springframework.boot.loader.jar.CentralDirectoryFileHeader: void load(byte[],int,org.springframework.boot.loader.data.RandomAccessData,int,org.springframework.boot.loader.jar.JarEntryFilter)>/this#_0	<org.springframework.boot.loader.jar.CentralDirectoryFileHeader: byte[] header>	<org.springframework.boot.loader.jar.CentralDirectoryFileHeader: void load(byte[],int,org.springframework.boot.loader.data.RandomAccessData,int,org.springframework.boot.loader.jar.JarEntryFilter)>
<org.springframework.boot.loader.jar.CentralDirectoryFileHeader: void load(byte[],int,org.springframework.boot.loader.data.RandomAccessData,int,org.springframework.boot.loader.jar.JarEntryFilter)>/write-field-headerOffset/0	7	<org.springframework.boot.loader.jar.CentralDirectoryFileHeader: void load(byte[],int,org.springframework.boot.loader.data.RandomAccessData,int,org.springframework.boot.loader.jar.JarEntryFilter)>/dataOffset#_0	<org.springframework.boot.loader.jar.CentralDirectoryFileHeader: void load(byte[],int,org.springframework.boot.loader.data.RandomAccessData,int,org.springframework.boot.loader.jar.JarEntryFilter)>/this#_0	<org.springframework.boot.loader.jar.CentralDirectoryFileHeader: int headerOffset>	<org.springframework.boot.loader.jar.CentralDirectoryFileHeader: void load(byte[],int,org.springframework.boot.loader.data.RandomAccessData,int,org.springframework.boot.loader.jar.JarEntryFilter)>
<org.springframework.boot.loader.jar.CentralDirectoryFileHeader: void load(byte[],int,org.springframework.boot.loader.data.RandomAccessData,int,org.springframework.boot.loader.jar.JarEntryFilter)>/write-field-localHeaderOffset/0	20	<org.springframework.boot.loader.jar.CentralDirectoryFileHeader: void load(byte[],int,org.springframework.boot.loader.data.RandomAccessData,int,org.springframework.boot.loader.jar.JarEntryFilter)>/$stack16	<org.springframework.boot.loader.jar.CentralDirectoryFileHeader: void load(byte[],int,org.springframework.boot.loader.data.RandomAccessData,int,org.springframework.boot.loader.jar.JarEntryFilter)>/this#_0	<org.springframework.boot.loader.jar.CentralDirectoryFileHeader: long localHeaderOffset>	<org.springframework.boot.loader.jar.CentralDirectoryFileHeader: void load(byte[],int,org.springframework.boot.loader.data.RandomAccessData,int,org.springframework.boot.loader.jar.JarEntryFilter)>
<org.springframework.boot.loader.jar.CentralDirectoryFileHeader: void load(byte[],int,org.springframework.boot.loader.data.RandomAccessData,int,org.springframework.boot.loader.jar.JarEntryFilter)>/write-field-name/0	36	<org.springframework.boot.loader.jar.CentralDirectoryFileHeader: void load(byte[],int,org.springframework.boot.loader.data.RandomAccessData,int,org.springframework.boot.loader.jar.JarEntryFilter)>/$u0	<org.springframework.boot.loader.jar.CentralDirectoryFileHeader: void load(byte[],int,org.springframework.boot.loader.data.RandomAccessData,int,org.springframework.boot.loader.jar.JarEntryFilter)>/this#_0	<org.springframework.boot.loader.jar.CentralDirectoryFileHeader: org.springframework.boot.loader.jar.AsciiBytes name>	<org.springframework.boot.loader.jar.CentralDirectoryFileHeader: void load(byte[],int,org.springframework.boot.loader.data.RandomAccessData,int,org.springframework.boot.loader.jar.JarEntryFilter)>
<org.springframework.boot.loader.jar.CentralDirectoryFileHeader: void load(byte[],int,org.springframework.boot.loader.data.RandomAccessData,int,org.springframework.boot.loader.jar.JarEntryFilter)>/write-field-name/1	40	<org.springframework.boot.loader.jar.CentralDirectoryFileHeader: void load(byte[],int,org.springframework.boot.loader.data.RandomAccessData,int,org.springframework.boot.loader.jar.JarEntryFilter)>/$stack40	<org.springframework.boot.loader.jar.CentralDirectoryFileHeader: void load(byte[],int,org.springframework.boot.loader.data.RandomAccessData,int,org.springframework.boot.loader.jar.JarEntryFilter)>/this#_0	<org.springframework.boot.loader.jar.CentralDirectoryFileHeader: org.springframework.boot.loader.jar.AsciiBytes name>	<org.springframework.boot.loader.jar.CentralDirectoryFileHeader: void load(byte[],int,org.springframework.boot.loader.data.RandomAccessData,int,org.springframework.boot.loader.jar.JarEntryFilter)>
<org.springframework.boot.loader.jar.CentralDirectoryFileHeader: void load(byte[],int,org.springframework.boot.loader.data.RandomAccessData,int,org.springframework.boot.loader.jar.JarEntryFilter)>/write-field-extra/0	42	<org.springframework.boot.loader.jar.CentralDirectoryFileHeader: void load(byte[],int,org.springframework.boot.loader.data.RandomAccessData,int,org.springframework.boot.loader.jar.JarEntryFilter)>/$stack19	<org.springframework.boot.loader.jar.CentralDirectoryFileHeader: void load(byte[],int,org.springframework.boot.loader.data.RandomAccessData,int,org.springframework.boot.loader.jar.JarEntryFilter)>/this#_0	<org.springframework.boot.loader.jar.CentralDirectoryFileHeader: byte[] extra>	<org.springframework.boot.loader.jar.CentralDirectoryFileHeader: void load(byte[],int,org.springframework.boot.loader.data.RandomAccessData,int,org.springframework.boot.loader.jar.JarEntryFilter)>
<org.springframework.boot.loader.jar.CentralDirectoryFileHeader: void load(byte[],int,org.springframework.boot.loader.data.RandomAccessData,int,org.springframework.boot.loader.jar.JarEntryFilter)>/write-field-comment/0	44	<org.springframework.boot.loader.jar.CentralDirectoryFileHeader: void load(byte[],int,org.springframework.boot.loader.data.RandomAccessData,int,org.springframework.boot.loader.jar.JarEntryFilter)>/$stack20	<org.springframework.boot.loader.jar.CentralDirectoryFileHeader: void load(byte[],int,org.springframework.boot.loader.data.RandomAccessData,int,org.springframework.boot.loader.jar.JarEntryFilter)>/this#_0	<org.springframework.boot.loader.jar.CentralDirectoryFileHeader: org.springframework.boot.loader.jar.AsciiBytes comment>	<org.springframework.boot.loader.jar.CentralDirectoryFileHeader: void load(byte[],int,org.springframework.boot.loader.data.RandomAccessData,int,org.springframework.boot.loader.jar.JarEntryFilter)>
<org.springframework.boot.loader.jar.CentralDirectoryFileHeader: void load(byte[],int,org.springframework.boot.loader.data.RandomAccessData,int,org.springframework.boot.loader.jar.JarEntryFilter)>/write-field-extra/1	50	<org.springframework.boot.loader.jar.CentralDirectoryFileHeader: void load(byte[],int,org.springframework.boot.loader.data.RandomAccessData,int,org.springframework.boot.loader.jar.JarEntryFilter)>/$stack30	<org.springframework.boot.loader.jar.CentralDirectoryFileHeader: void load(byte[],int,org.springframework.boot.loader.data.RandomAccessData,int,org.springframework.boot.loader.jar.JarEntryFilter)>/this#_0	<org.springframework.boot.loader.jar.CentralDirectoryFileHeader: byte[] extra>	<org.springframework.boot.loader.jar.CentralDirectoryFileHeader: void load(byte[],int,org.springframework.boot.loader.data.RandomAccessData,int,org.springframework.boot.loader.jar.JarEntryFilter)>
<org.springframework.boot.loader.jar.CentralDirectoryFileHeader: void load(byte[],int,org.springframework.boot.loader.data.RandomAccessData,int,org.springframework.boot.loader.jar.JarEntryFilter)>/write-field-comment/1	69	<org.springframework.boot.loader.jar.CentralDirectoryFileHeader: void load(byte[],int,org.springframework.boot.loader.data.RandomAccessData,int,org.springframework.boot.loader.jar.JarEntryFilter)>/$u1	<org.springframework.boot.loader.jar.CentralDirectoryFileHeader: void load(byte[],int,org.springframework.boot.loader.data.RandomAccessData,int,org.springframework.boot.loader.jar.JarEntryFilter)>/this#_0	<org.springframework.boot.loader.jar.CentralDirectoryFileHeader: org.springframework.boot.loader.jar.AsciiBytes comment>	<org.springframework.boot.loader.jar.CentralDirectoryFileHeader: void load(byte[],int,org.springframework.boot.loader.data.RandomAccessData,int,org.springframework.boot.loader.jar.JarEntryFilter)>
<org.springframework.boot.loader.jar.JarFile$2: void <init>(org.springframework.boot.loader.jar.JarFile,java.util.Iterator)>/write-field-this$0/0	3	<org.springframework.boot.loader.jar.JarFile$2: void <init>(org.springframework.boot.loader.jar.JarFile,java.util.Iterator)>/this$0#_0	<org.springframework.boot.loader.jar.JarFile$2: void <init>(org.springframework.boot.loader.jar.JarFile,java.util.Iterator)>/this#_0	<org.springframework.boot.loader.jar.JarFile$2: org.springframework.boot.loader.jar.JarFile this$0>	<org.springframework.boot.loader.jar.JarFile$2: void <init>(org.springframework.boot.loader.jar.JarFile,java.util.Iterator)>
<org.springframework.boot.loader.jar.JarFile$2: void <init>(org.springframework.boot.loader.jar.JarFile,java.util.Iterator)>/write-field-val$iterator/0	4	<org.springframework.boot.loader.jar.JarFile$2: void <init>(org.springframework.boot.loader.jar.JarFile,java.util.Iterator)>/l2#_0	<org.springframework.boot.loader.jar.JarFile$2: void <init>(org.springframework.boot.loader.jar.JarFile,java.util.Iterator)>/this#_0	<org.springframework.boot.loader.jar.JarFile$2: java.util.Iterator val$iterator>	<org.springframework.boot.loader.jar.JarFile$2: void <init>(org.springframework.boot.loader.jar.JarFile,java.util.Iterator)>
<org.springframework.boot.loader.jar.AsciiBytes: void <init>(java.lang.String)>/write-field-string/0	5	<org.springframework.boot.loader.jar.AsciiBytes: void <init>(java.lang.String)>/string#_0	<org.springframework.boot.loader.jar.AsciiBytes: void <init>(java.lang.String)>/this#_0	<org.springframework.boot.loader.jar.AsciiBytes: java.lang.String string>	<org.springframework.boot.loader.jar.AsciiBytes: void <init>(java.lang.String)>
<org.springframework.boot.loader.jar.AsciiBytes: void <init>(byte[],int,int)>/write-field-bytes/0	14	<org.springframework.boot.loader.jar.AsciiBytes: void <init>(byte[],int,int)>/bytes#_0	<org.springframework.boot.loader.jar.AsciiBytes: void <init>(byte[],int,int)>/this#_0	<org.springframework.boot.loader.jar.AsciiBytes: byte[] bytes>	<org.springframework.boot.loader.jar.AsciiBytes: void <init>(byte[],int,int)>
<org.springframework.boot.loader.jar.AsciiBytes: void <init>(byte[],int,int)>/write-field-offset/0	15	<org.springframework.boot.loader.jar.AsciiBytes: void <init>(byte[],int,int)>/offset#_0	<org.springframework.boot.loader.jar.AsciiBytes: void <init>(byte[],int,int)>/this#_0	<org.springframework.boot.loader.jar.AsciiBytes: int offset>	<org.springframework.boot.loader.jar.AsciiBytes: void <init>(byte[],int,int)>
<org.springframework.boot.loader.jar.AsciiBytes: void <init>(byte[],int,int)>/write-field-length/0	16	<org.springframework.boot.loader.jar.AsciiBytes: void <init>(byte[],int,int)>/length#_0	<org.springframework.boot.loader.jar.AsciiBytes: void <init>(byte[],int,int)>/this#_0	<org.springframework.boot.loader.jar.AsciiBytes: int length>	<org.springframework.boot.loader.jar.AsciiBytes: void <init>(byte[],int,int)>
<org.springframework.boot.loader.jar.AsciiBytes: java.lang.String toString()>/write-field-string/0	5	<org.springframework.boot.loader.jar.AsciiBytes: java.lang.String toString()>/$stringconstant0	<org.springframework.boot.loader.jar.AsciiBytes: java.lang.String toString()>/this#_0	<org.springframework.boot.loader.jar.AsciiBytes: java.lang.String string>	<org.springframework.boot.loader.jar.AsciiBytes: java.lang.String toString()>
<org.springframework.boot.loader.jar.AsciiBytes: java.lang.String toString()>/write-field-string/1	14	<org.springframework.boot.loader.jar.AsciiBytes: java.lang.String toString()>/$stack4	<org.springframework.boot.loader.jar.AsciiBytes: java.lang.String toString()>/this#_0	<org.springframework.boot.loader.jar.AsciiBytes: java.lang.String string>	<org.springframework.boot.loader.jar.AsciiBytes: java.lang.String toString()>
<org.springframework.boot.loader.jar.AsciiBytes: int hashCode()>/write-field-hash/0	64	<org.springframework.boot.loader.jar.AsciiBytes: int hashCode()>/hash_$$A_1#_186	<org.springframework.boot.loader.jar.AsciiBytes: int hashCode()>/this#_0	<org.springframework.boot.loader.jar.AsciiBytes: int hash>	<org.springframework.boot.loader.jar.AsciiBytes: int hashCode()>
<org.springframework.boot.loader.archive.JarFileArchive$JarFileEntry: void <init>(java.util.jar.JarEntry)>/write-field-jarEntry/0	3	<org.springframework.boot.loader.archive.JarFileArchive$JarFileEntry: void <init>(java.util.jar.JarEntry)>/jarEntry#_0	<org.springframework.boot.loader.archive.JarFileArchive$JarFileEntry: void <init>(java.util.jar.JarEntry)>/this#_0	<org.springframework.boot.loader.archive.JarFileArchive$JarFileEntry: java.util.jar.JarEntry jarEntry>	<org.springframework.boot.loader.archive.JarFileArchive$JarFileEntry: void <init>(java.util.jar.JarEntry)>
<org.springframework.boot.loader.jar.CentralDirectoryParser: void <init>()>/write-field-visitors/0	4	<org.springframework.boot.loader.jar.CentralDirectoryParser: void <init>()>/$stack1	<org.springframework.boot.loader.jar.CentralDirectoryParser: void <init>()>/this#_0	<org.springframework.boot.loader.jar.CentralDirectoryParser: java.util.List visitors>	<org.springframework.boot.loader.jar.CentralDirectoryParser: void <init>()>
<org.springframework.boot.loader.jar.JarFile$1: void <init>(org.springframework.boot.loader.jar.JarFile)>/write-field-this$0/0	2	<org.springframework.boot.loader.jar.JarFile$1: void <init>(org.springframework.boot.loader.jar.JarFile)>/this$0#_0	<org.springframework.boot.loader.jar.JarFile$1: void <init>(org.springframework.boot.loader.jar.JarFile)>/this#_0	<org.springframework.boot.loader.jar.JarFile$1: org.springframework.boot.loader.jar.JarFile this$0>	<org.springframework.boot.loader.jar.JarFile$1: void <init>(org.springframework.boot.loader.jar.JarFile)>
<org.springframework.boot.loader.jar.JarFileEntries$1: void <init>(org.springframework.boot.loader.jar.JarFileEntries,int,float,boolean)>/write-field-this$0/0	5	<org.springframework.boot.loader.jar.JarFileEntries$1: void <init>(org.springframework.boot.loader.jar.JarFileEntries,int,float,boolean)>/this$0#_0	<org.springframework.boot.loader.jar.JarFileEntries$1: void <init>(org.springframework.boot.loader.jar.JarFileEntries,int,float,boolean)>/this#_0	<org.springframework.boot.loader.jar.JarFileEntries$1: org.springframework.boot.loader.jar.JarFileEntries this$0>	<org.springframework.boot.loader.jar.JarFileEntries$1: void <init>(org.springframework.boot.loader.jar.JarFileEntries,int,float,boolean)>
<org.springframework.boot.loader.jar.ZipInflaterInputStream: void <init>(java.io.InputStream,int)>/write-field-available/0	9	<org.springframework.boot.loader.jar.ZipInflaterInputStream: void <init>(java.io.InputStream,int)>/size#_0	<org.springframework.boot.loader.jar.ZipInflaterInputStream: void <init>(java.io.InputStream,int)>/this#_0	<org.springframework.boot.loader.jar.ZipInflaterInputStream: int available>	<org.springframework.boot.loader.jar.ZipInflaterInputStream: void <init>(java.io.InputStream,int)>
<org.springframework.boot.loader.jar.ZipInflaterInputStream: int read(byte[],int,int)>/write-field-available/0	9	<org.springframework.boot.loader.jar.ZipInflaterInputStream: int read(byte[],int,int)>/$stack6	<org.springframework.boot.loader.jar.ZipInflaterInputStream: int read(byte[],int,int)>/this#_0	<org.springframework.boot.loader.jar.ZipInflaterInputStream: int available>	<org.springframework.boot.loader.jar.ZipInflaterInputStream: int read(byte[],int,int)>
<org.springframework.boot.loader.jar.ZipInflaterInputStream: void fill()>/write-field-len/0	9	<org.springframework.boot.loader.jar.ZipInflaterInputStream: void fill()>/$numconstant0	<org.springframework.boot.loader.jar.ZipInflaterInputStream: void fill()>/this#_0	<java.util.zip.InflaterInputStream: int len>	<org.springframework.boot.loader.jar.ZipInflaterInputStream: void fill()>
<org.springframework.boot.loader.jar.ZipInflaterInputStream: void fill()>/write-field-extraBytesWritten/0	14	<org.springframework.boot.loader.jar.ZipInflaterInputStream: void fill()>/$numconstant2	<org.springframework.boot.loader.jar.ZipInflaterInputStream: void fill()>/this#_0	<org.springframework.boot.loader.jar.ZipInflaterInputStream: boolean extraBytesWritten>	<org.springframework.boot.loader.jar.ZipInflaterInputStream: void fill()>
<org.springframework.boot.loader.LaunchedURLClassLoader$UseFastConnectionExceptionsEnumeration: void <init>(java.util.Enumeration)>/write-field-delegate/0	3	<org.springframework.boot.loader.LaunchedURLClassLoader$UseFastConnectionExceptionsEnumeration: void <init>(java.util.Enumeration)>/delegate#_0	<org.springframework.boot.loader.LaunchedURLClassLoader$UseFastConnectionExceptionsEnumeration: void <init>(java.util.Enumeration)>/this#_0	<org.springframework.boot.loader.LaunchedURLClassLoader$UseFastConnectionExceptionsEnumeration: java.util.Enumeration delegate>	<org.springframework.boot.loader.LaunchedURLClassLoader$UseFastConnectionExceptionsEnumeration: void <init>(java.util.Enumeration)>
<org.springframework.boot.loader.archive.ExplodedArchive$FileEntryIterator: void <init>(java.io.File,boolean)>/write-field-entryComparator/0	7	<org.springframework.boot.loader.archive.ExplodedArchive$FileEntryIterator: void <init>(java.io.File,boolean)>/$stack3	<org.springframework.boot.loader.archive.ExplodedArchive$FileEntryIterator: void <init>(java.io.File,boolean)>/this#_0	<org.springframework.boot.loader.archive.ExplodedArchive$FileEntryIterator: java.util.Comparator entryComparator>	<org.springframework.boot.loader.archive.ExplodedArchive$FileEntryIterator: void <init>(java.io.File,boolean)>
<org.springframework.boot.loader.archive.ExplodedArchive$FileEntryIterator: void <init>(java.io.File,boolean)>/write-field-stack/0	10	<org.springframework.boot.loader.archive.ExplodedArchive$FileEntryIterator: void <init>(java.io.File,boolean)>/$stack4	<org.springframework.boot.loader.archive.ExplodedArchive$FileEntryIterator: void <init>(java.io.File,boolean)>/this#_0	<org.springframework.boot.loader.archive.ExplodedArchive$FileEntryIterator: java.util.Deque stack>	<org.springframework.boot.loader.archive.ExplodedArchive$FileEntryIterator: void <init>(java.io.File,boolean)>
<org.springframework.boot.loader.archive.ExplodedArchive$FileEntryIterator: void <init>(java.io.File,boolean)>/write-field-root/0	11	<org.springframework.boot.loader.archive.ExplodedArchive$FileEntryIterator: void <init>(java.io.File,boolean)>/root#_0	<org.springframework.boot.loader.archive.ExplodedArchive$FileEntryIterator: void <init>(java.io.File,boolean)>/this#_0	<org.springframework.boot.loader.archive.ExplodedArchive$FileEntryIterator: java.io.File root>	<org.springframework.boot.loader.archive.ExplodedArchive$FileEntryIterator: void <init>(java.io.File,boolean)>
<org.springframework.boot.loader.archive.ExplodedArchive$FileEntryIterator: void <init>(java.io.File,boolean)>/write-field-recursive/0	12	<org.springframework.boot.loader.archive.ExplodedArchive$FileEntryIterator: void <init>(java.io.File,boolean)>/recursive#_0	<org.springframework.boot.loader.archive.ExplodedArchive$FileEntryIterator: void <init>(java.io.File,boolean)>/this#_0	<org.springframework.boot.loader.archive.ExplodedArchive$FileEntryIterator: boolean recursive>	<org.springframework.boot.loader.archive.ExplodedArchive$FileEntryIterator: void <init>(java.io.File,boolean)>
<org.springframework.boot.loader.archive.ExplodedArchive$FileEntryIterator: void <init>(java.io.File,boolean)>/write-field-current/0	17	<org.springframework.boot.loader.archive.ExplodedArchive$FileEntryIterator: void <init>(java.io.File,boolean)>/$stack8	<org.springframework.boot.loader.archive.ExplodedArchive$FileEntryIterator: void <init>(java.io.File,boolean)>/this#_0	<org.springframework.boot.loader.archive.ExplodedArchive$FileEntryIterator: java.io.File current>	<org.springframework.boot.loader.archive.ExplodedArchive$FileEntryIterator: void <init>(java.io.File,boolean)>
<org.springframework.boot.loader.archive.ExplodedArchive$FileEntryIterator: org.springframework.boot.loader.archive.Archive$Entry next()>/write-field-current/0	20	<org.springframework.boot.loader.archive.ExplodedArchive$FileEntryIterator: org.springframework.boot.loader.archive.Archive$Entry next()>/$stack5	<org.springframework.boot.loader.archive.ExplodedArchive$FileEntryIterator: org.springframework.boot.loader.archive.Archive$Entry next()>/this#_0	<org.springframework.boot.loader.archive.ExplodedArchive$FileEntryIterator: java.io.File current>	<org.springframework.boot.loader.archive.ExplodedArchive$FileEntryIterator: org.springframework.boot.loader.archive.Archive$Entry next()>
<org.springframework.boot.loader.archive.JarFileArchive: void <init>(java.io.File,java.net.URL)>/write-field-url/0	6	<org.springframework.boot.loader.archive.JarFileArchive: void <init>(java.io.File,java.net.URL)>/url#_0	<org.springframework.boot.loader.archive.JarFileArchive: void <init>(java.io.File,java.net.URL)>/this#_0	<org.springframework.boot.loader.archive.JarFileArchive: java.net.URL url>	<org.springframework.boot.loader.archive.JarFileArchive: void <init>(java.io.File,java.net.URL)>
<org.springframework.boot.loader.archive.JarFileArchive: void <init>(org.springframework.boot.loader.jar.JarFile)>/write-field-jarFile/0	3	<org.springframework.boot.loader.archive.JarFileArchive: void <init>(org.springframework.boot.loader.jar.JarFile)>/jarFile#_0	<org.springframework.boot.loader.archive.JarFileArchive: void <init>(org.springframework.boot.loader.jar.JarFile)>/this#_0	<org.springframework.boot.loader.archive.JarFileArchive: org.springframework.boot.loader.jar.JarFile jarFile>	<org.springframework.boot.loader.archive.JarFileArchive: void <init>(org.springframework.boot.loader.jar.JarFile)>
<org.springframework.boot.loader.archive.JarFileArchive: java.io.File getTempUnpackFolder()>/write-field-tempUnpackFolder/0	8	<org.springframework.boot.loader.archive.JarFileArchive: java.io.File getTempUnpackFolder()>/$stack6	<org.springframework.boot.loader.archive.JarFileArchive: java.io.File getTempUnpackFolder()>/this#_0	<org.springframework.boot.loader.archive.JarFileArchive: java.io.File tempUnpackFolder>	<org.springframework.boot.loader.archive.JarFileArchive: java.io.File getTempUnpackFolder()>
<org.springframework.boot.loader.data.RandomAccessDataFile$DataInputStream: void <init>(org.springframework.boot.loader.data.RandomAccessDataFile)>/write-field-this$0/0	2	<org.springframework.boot.loader.data.RandomAccessDataFile$DataInputStream: void <init>(org.springframework.boot.loader.data.RandomAccessDataFile)>/l1#_0	<org.springframework.boot.loader.data.RandomAccessDataFile$DataInputStream: void <init>(org.springframework.boot.loader.data.RandomAccessDataFile)>/this#_0	<org.springframework.boot.loader.data.RandomAccessDataFile$DataInputStream: org.springframework.boot.loader.data.RandomAccessDataFile this$0>	<org.springframework.boot.loader.data.RandomAccessDataFile$DataInputStream: void <init>(org.springframework.boot.loader.data.RandomAccessDataFile)>
<org.springframework.boot.loader.data.RandomAccessDataFile$DataInputStream: long moveOn(int)>/write-field-position/0	4	<org.springframework.boot.loader.data.RandomAccessDataFile$DataInputStream: long moveOn(int)>/$stack3	<org.springframework.boot.loader.data.RandomAccessDataFile$DataInputStream: long moveOn(int)>/this#_0	<org.springframework.boot.loader.data.RandomAccessDataFile$DataInputStream: int position>	<org.springframework.boot.loader.data.RandomAccessDataFile$DataInputStream: long moveOn(int)>
<org.springframework.boot.loader.ExecutableArchiveLauncher: void <init>()>/write-field-archive/0	3	<org.springframework.boot.loader.ExecutableArchiveLauncher: void <init>()>/$stack2	<org.springframework.boot.loader.ExecutableArchiveLauncher: void <init>()>/this#_0	<org.springframework.boot.loader.ExecutableArchiveLauncher: org.springframework.boot.loader.archive.Archive archive>	<org.springframework.boot.loader.ExecutableArchiveLauncher: void <init>()>
<org.springframework.boot.loader.ExecutableArchiveLauncher: void <init>(org.springframework.boot.loader.archive.Archive)>/write-field-archive/0	3	<org.springframework.boot.loader.ExecutableArchiveLauncher: void <init>(org.springframework.boot.loader.archive.Archive)>/archive#_0	<org.springframework.boot.loader.ExecutableArchiveLauncher: void <init>(org.springframework.boot.loader.archive.Archive)>/this#_0	<org.springframework.boot.loader.ExecutableArchiveLauncher: org.springframework.boot.loader.archive.Archive archive>	<org.springframework.boot.loader.ExecutableArchiveLauncher: void <init>(org.springframework.boot.loader.archive.Archive)>
<org.springframework.boot.loader.jar.JarEntry: void <init>(org.springframework.boot.loader.jar.JarFile,org.springframework.boot.loader.jar.CentralDirectoryFileHeader)>/write-field-name/0	7	<org.springframework.boot.loader.jar.JarEntry: void <init>(org.springframework.boot.loader.jar.JarFile,org.springframework.boot.loader.jar.CentralDirectoryFileHeader)>/$stack5	<org.springframework.boot.loader.jar.JarEntry: void <init>(org.springframework.boot.loader.jar.JarFile,org.springframework.boot.loader.jar.CentralDirectoryFileHeader)>/this#_0	<org.springframework.boot.loader.jar.JarEntry: org.springframework.boot.loader.jar.AsciiBytes name>	<org.springframework.boot.loader.jar.JarEntry: void <init>(org.springframework.boot.loader.jar.JarFile,org.springframework.boot.loader.jar.CentralDirectoryFileHeader)>
<org.springframework.boot.loader.jar.JarEntry: void <init>(org.springframework.boot.loader.jar.JarFile,org.springframework.boot.loader.jar.CentralDirectoryFileHeader)>/write-field-jarFile/0	8	<org.springframework.boot.loader.jar.JarEntry: void <init>(org.springframework.boot.loader.jar.JarFile,org.springframework.boot.loader.jar.CentralDirectoryFileHeader)>/jarFile#_0	<org.springframework.boot.loader.jar.JarEntry: void <init>(org.springframework.boot.loader.jar.JarFile,org.springframework.boot.loader.jar.CentralDirectoryFileHeader)>/this#_0	<org.springframework.boot.loader.jar.JarEntry: org.springframework.boot.loader.jar.JarFile jarFile>	<org.springframework.boot.loader.jar.JarEntry: void <init>(org.springframework.boot.loader.jar.JarFile,org.springframework.boot.loader.jar.CentralDirectoryFileHeader)>
<org.springframework.boot.loader.jar.JarEntry: void <init>(org.springframework.boot.loader.jar.JarFile,org.springframework.boot.loader.jar.CentralDirectoryFileHeader)>/write-field-localHeaderOffset/0	10	<org.springframework.boot.loader.jar.JarEntry: void <init>(org.springframework.boot.loader.jar.JarFile,org.springframework.boot.loader.jar.CentralDirectoryFileHeader)>/$stack6	<org.springframework.boot.loader.jar.JarEntry: void <init>(org.springframework.boot.loader.jar.JarFile,org.springframework.boot.loader.jar.CentralDirectoryFileHeader)>/this#_0	<org.springframework.boot.loader.jar.JarEntry: long localHeaderOffset>	<org.springframework.boot.loader.jar.JarEntry: void <init>(org.springframework.boot.loader.jar.JarFile,org.springframework.boot.loader.jar.CentralDirectoryFileHeader)>
<org.springframework.boot.loader.jar.JarEntry: void setCertificates(java.util.jar.JarEntry)>/write-field-certificates/0	3	<org.springframework.boot.loader.jar.JarEntry: void setCertificates(java.util.jar.JarEntry)>/$stack2	<org.springframework.boot.loader.jar.JarEntry: void setCertificates(java.util.jar.JarEntry)>/this#_0	<org.springframework.boot.loader.jar.JarEntry: java.security.cert.Certificate[] certificates>	<org.springframework.boot.loader.jar.JarEntry: void setCertificates(java.util.jar.JarEntry)>
<org.springframework.boot.loader.jar.JarEntry: void setCertificates(java.util.jar.JarEntry)>/write-field-codeSigners/0	5	<org.springframework.boot.loader.jar.JarEntry: void setCertificates(java.util.jar.JarEntry)>/$stack3	<org.springframework.boot.loader.jar.JarEntry: void setCertificates(java.util.jar.JarEntry)>/this#_0	<org.springframework.boot.loader.jar.JarEntry: java.security.CodeSigner[] codeSigners>	<org.springframework.boot.loader.jar.JarEntry: void setCertificates(java.util.jar.JarEntry)>
<org.springframework.boot.loader.PropertiesLauncher: void <init>()>/write-field-paths/0	4	<org.springframework.boot.loader.PropertiesLauncher: void <init>()>/$stack2	<org.springframework.boot.loader.PropertiesLauncher: void <init>()>/this#_0	<org.springframework.boot.loader.PropertiesLauncher: java.util.List paths>	<org.springframework.boot.loader.PropertiesLauncher: void <init>()>
<org.springframework.boot.loader.PropertiesLauncher: void <init>()>/write-field-properties/0	7	<org.springframework.boot.loader.PropertiesLauncher: void <init>()>/$stack3	<org.springframework.boot.loader.PropertiesLauncher: void <init>()>/this#_0	<org.springframework.boot.loader.PropertiesLauncher: java.util.Properties properties>	<org.springframework.boot.loader.PropertiesLauncher: void <init>()>
<org.springframework.boot.loader.PropertiesLauncher: void <init>()>/write-field-home/0	9	<org.springframework.boot.loader.PropertiesLauncher: void <init>()>/$stack4	<org.springframework.boot.loader.PropertiesLauncher: void <init>()>/this#_0	<org.springframework.boot.loader.PropertiesLauncher: java.io.File home>	<org.springframework.boot.loader.PropertiesLauncher: void <init>()>
<org.springframework.boot.loader.PropertiesLauncher: void <init>()>/write-field-parent/0	13	<org.springframework.boot.loader.PropertiesLauncher: void <init>()>/$stack5	<org.springframework.boot.loader.PropertiesLauncher: void <init>()>/this#_0	<org.springframework.boot.loader.PropertiesLauncher: org.springframework.boot.loader.archive.Archive parent>	<org.springframework.boot.loader.PropertiesLauncher: void <init>()>
<org.springframework.boot.loader.PropertiesLauncher: void initializePaths()>/write-field-paths/0	5	<org.springframework.boot.loader.PropertiesLauncher: void initializePaths()>/$stack7	<org.springframework.boot.loader.PropertiesLauncher: void initializePaths()>/this#_0	<org.springframework.boot.loader.PropertiesLauncher: java.util.List paths>	<org.springframework.boot.loader.PropertiesLauncher: void initializePaths()>
<org.springframework.boot.loader.archive.ExplodedArchive$FileEntry: void <init>(java.lang.String,java.io.File)>/write-field-name/0	4	<org.springframework.boot.loader.archive.ExplodedArchive$FileEntry: void <init>(java.lang.String,java.io.File)>/name#_0	<org.springframework.boot.loader.archive.ExplodedArchive$FileEntry: void <init>(java.lang.String,java.io.File)>/this#_0	<org.springframework.boot.loader.archive.ExplodedArchive$FileEntry: java.lang.String name>	<org.springframework.boot.loader.archive.ExplodedArchive$FileEntry: void <init>(java.lang.String,java.io.File)>
<org.springframework.boot.loader.archive.ExplodedArchive$FileEntry: void <init>(java.lang.String,java.io.File)>/write-field-file/0	5	<org.springframework.boot.loader.archive.ExplodedArchive$FileEntry: void <init>(java.lang.String,java.io.File)>/file#_0	<org.springframework.boot.loader.archive.ExplodedArchive$FileEntry: void <init>(java.lang.String,java.io.File)>/this#_0	<org.springframework.boot.loader.archive.ExplodedArchive$FileEntry: java.io.File file>	<org.springframework.boot.loader.archive.ExplodedArchive$FileEntry: void <init>(java.lang.String,java.io.File)>
<org.springframework.boot.loader.archive.JarFileArchive$EntryIterator: void <init>(java.util.Enumeration)>/write-field-enumeration/0	3	<org.springframework.boot.loader.archive.JarFileArchive$EntryIterator: void <init>(java.util.Enumeration)>/enumeration#_0	<org.springframework.boot.loader.archive.JarFileArchive$EntryIterator: void <init>(java.util.Enumeration)>/this#_0	<org.springframework.boot.loader.archive.JarFileArchive$EntryIterator: java.util.Enumeration enumeration>	<org.springframework.boot.loader.archive.JarFileArchive$EntryIterator: void <init>(java.util.Enumeration)>
<org.springframework.boot.loader.jar.JarURLConnection$JarEntryName: void <init>(org.springframework.boot.loader.jar.StringSequence)>/write-field-name/0	4	<org.springframework.boot.loader.jar.JarURLConnection$JarEntryName: void <init>(org.springframework.boot.loader.jar.StringSequence)>/$stack2	<org.springframework.boot.loader.jar.JarURLConnection$JarEntryName: void <init>(org.springframework.boot.loader.jar.StringSequence)>/this#_0	<org.springframework.boot.loader.jar.JarURLConnection$JarEntryName: org.springframework.boot.loader.jar.StringSequence name>	<org.springframework.boot.loader.jar.JarURLConnection$JarEntryName: void <init>(org.springframework.boot.loader.jar.StringSequence)>
<org.springframework.boot.loader.jar.JarURLConnection$JarEntryName: java.lang.String getContentType()>/write-field-contentType/0	4	<org.springframework.boot.loader.jar.JarURLConnection$JarEntryName: java.lang.String getContentType()>/$stack3	<org.springframework.boot.loader.jar.JarURLConnection$JarEntryName: java.lang.String getContentType()>/this#_0	<org.springframework.boot.loader.jar.JarURLConnection$JarEntryName: java.lang.String contentType>	<org.springframework.boot.loader.jar.JarURLConnection$JarEntryName: java.lang.String getContentType()>
